codanum,autovpkcodastr,autovbycoda,mismatchN,mismatchpct,meandist_pk1,meandist_pk2,meandiff_pk1,meandiff_pk2,focal,whale,codatype,Duration,handv,URN,AIS_Data
4933,iiiii,i,0,0.0,175.78125,117.1875,175.78125,58.59375,True,ATWOOD,1+1+3,0.89825,i,0,0
4934,iiiii,i,0,0.0,175.78125,175.78125,175.78125,117.1875,True,ATWOOD,1+1+3,0.865575,i,0,0
4935,iiiii,i,0,0.0,0.0,234.375,0.0,58.59375,True,ATWOOD,1+1+3,0.8583166,i,0,0
4936,iiiii,i,0,0.0,58.59375,117.1875,117.1875,58.59375,True,ATWOOD,1+1+3,0.8619416,i,0,0
4937,iiiii,i,0,0.0,0.0,0.0,0.0,0.0,True,ATWOOD,1+1+3,0.838825,i,0,0
4938,iiiii,i,0,0.0,0.0,0.0,0.0,0.0,True,ATWOOD,1+1+3,0.8447333,i,0,0
4939,iiiii,i,0,0.0,117.1875,175.78125,58.59375,58.59375,True,ATWOOD,1+1+3,0.8275417,i,0,0
4940,iiiii,i,0,0.0,175.78125,58.59375,58.59375,58.59375,True,ATWOOD,1+1+3,0.8468334,i,0,0
4941,iiiii,i,0,0.0,234.375,175.78125,58.59375,58.59375,True,ATWOOD,1+1+3,1.0484083,i,0,0
4942,iiiii,i,0,0.0,351.5625,58.59375,117.1875,117.1875,True,ATWOOD,1+1+3,0.9956333,i,0,0
4943,iiiii,i,0,0.0,234.375,234.375,58.59375,58.59375,True,ATWOOD,1+1+3,0.9803084,i,0,0
4944,iiiii,i,0,0.0,0.0,117.1875,0.0,58.59375,True,ATWOOD,1+1+3,0.9525416,i,0,0
4945,iiiii,i,0,0.0,234.375,58.59375,234.375,58.59375,True,ATWOOD,1+1+3,1.0598584,i,0,0
4946,iiiii,i,0,0.0,117.1875,58.59375,234.375,58.59375,True,ATWOOD,1+1+3,1.0668667,i,0,0
4947,iiiii,i,0,0.0,0.0,0.0,0.0,0.0,True,ATWOOD,1+1+3,1.0691167,i,0,0
4948,iiiii,i,0,0.0,175.78125,0.0,175.78125,0.0,True,ATWOOD,1+1+3,1.0382417,i,0,0
4949,iiiii,i,0,0.0,0.0,117.1875,0.0,117.1875,True,ATWOOD,1+1+3,0.9752834,i,0,0
4958,iiiii,i,0,0.0,0.0,58.59375,0.0,58.59375,True,ATWOOD,1+1+3,0.8768083,i,0,0
4959,iiiii,i,0,0.0,0.0,58.59375,0.0,117.1875,True,ATWOOD,1+1+3,0.8888416,i,0,0
4960,iiiiii,i,0,0.0,281.25,515.625,562.5,375.0,True,ATWOOD,6-NOISE,1.060625,i,0,0
4985,aaaaaaaaa,a,0,0.0,146.484375,,117.1875,,True,ATWOOD,9i,0.39305,a,0,1
4986,aaaaaaaa,a,0,0.0,200.89285714285714,,33.482142857142854,,True,ATWOOD,8i,0.3561833,a,0,1
4987,aaaaa,a,0,0.0,0.0,,0.0,,True,ATWOOD,5R1,0.3098333,a,0,1
4988,aaaaa,a,0,0.0,117.1875,,58.59375,,True,ATWOOD,5R1,0.341425,a,0,1
4989,aaaaaa,a,0,0.0,93.75,,140.625,,True,ATWOOD,6i,0.3734917,a,0,1
4990,aaaaa,a,0,0.0,234.375,,58.59375,,True,ATWOOD,5R1,0.3405417,a,0,1
4991,aaaaa,a,0,0.0,58.59375,,117.1875,,True,ATWOOD,5R1,0.3358584,a,0,1
4992,aaaaa,a,0,0.0,58.59375,,117.1875,,True,ATWOOD,5R1,0.3282583,a,0,1
4993,aaaaa,a,0,0.0,292.96875,,175.78125,,True,ATWOOD,5R1,0.3341,a,0,1
4994,aaaaa,a,0,0.0,468.75,,117.1875,,True,ATWOOD,5R1,0.317175,a,0,1
4995,aaaaaa,a,0,0.0,281.25,,140.625,,True,ATWOOD,6i,0.390875,a,0,1
4996,aaaaa,a,0,0.0,0.0,,0.0,,True,ATWOOD,5R1,0.3297916,a,0,1
4997,aaaaa,a,0,0.0,0.0,,0.0,,True,ATWOOD,5R1,0.3384333,a,0,1
4998,aaaaa,a,0,0.0,58.59375,,117.1875,,True,ATWOOD,5R1,0.3479833,a,0,1
4999,aaaaaa,a,0,0.0,281.25,,140.625,,True,ATWOOD,6i,0.4075167,a,0,1
5012,aaaaaa,a,0,0.0,140.625,,140.625,,True,ATWOOD,6i,0.419425,a,0,1
5013,aaaaa,a,0,0.0,234.375,,58.59375,,True,ATWOOD,5R1,0.3266,a,0,1
5014,aaaaa,a,0,0.0,468.75,,117.1875,,True,ATWOOD,5-NOISE,0.3596916,a,0,1
5015,aaaaaa,a,0,0.0,281.25,,140.625,,True,ATWOOD,6i,0.3793583,a,0,1
5018,iiiiii,i,0,0.0,140.625,140.625,93.75,93.75,True,ATWOOD,6-NOISE,1.2175333,i,0,1
5019,iiiii,i,0,0.0,234.375,175.78125,58.59375,58.59375,True,ATWOOD,1+1+3,1.031875,i,0,1
5020,iiiii,i,0,0.0,175.78125,234.375,117.1875,58.59375,True,ATWOOD,1+1+3,0.9328,i,0,1
5021,iiiii,i,0,0.0,0.0,117.1875,0.0,117.1875,True,ATWOOD,1+1+3,0.9238417,i,0,1
5022,iiiia,?,1,0.2,0.0,,0.0,,True,ATWOOD,1+1+3,0.9870084,i,0,1
5023,iiiaa,?,2,0.4,0.0,,0.0,,True,ATWOOD,1+1+3,0.9885917,i,0,1
5024,iiiii,i,0,0.0,58.59375,0.0,117.1875,0.0,True,ATWOOD,1+1+3,0.9898417,i,0,1
5025,iiiiia,?,1,0.16666666666666666,140.625,,140.625,,True,ATWOOD,6-NOISE,1.2446417,i,0,1
5026,iiiii,i,0,0.0,58.59375,410.15625,117.1875,117.1875,True,ATWOOD,1+1+3,1.1383333,i,0,1
5027,iiiii,i,0,0.0,0.0,0.0,0.0,0.0,True,ATWOOD,1+1+3,1.13705,i,0,1
5028,iiiii,i,0,0.0,0.0,175.78125,0.0,175.78125,True,ATWOOD,1+1+3,1.1143331,i,0,1
5029,iiiii,i,0,0.0,175.78125,175.78125,58.59375,58.59375,True,ATWOOD,1+1+3,1.0642667,i,0,1
5030,iiiaa,?,2,0.4,0.0,,0.0,,True,ATWOOD,1+1+3,1.0549583,i,0,1
5031,aaaaaaaa,a,0,0.0,100.44642857142857,,66.96428571428571,,True,ATWOOD,8D,1.4049917,a,0,1
5036,iiiii,i,0,0.0,58.59375,58.59375,117.1875,117.1875,True,ATWOOD,1+1+3,0.90795,i,0,1
5037,iiiii,i,0,0.0,0.0,117.1875,0.0,58.59375,True,ATWOOD,1+1+3,0.8891166,i,0,1
5038,iiiii,i,0,0.0,410.15625,117.1875,117.1875,175.78125,True,ATWOOD,1+1+3,0.8545083,i,0,1
5039,iiiii,i,0,0.0,0.0,0.0,0.0,0.0,True,ATWOOD,1+1+3,0.8804833,i,0,1
5040,aaaaa,a,0,0.0,0.0,,0.0,,True,ATWOOD,1+1+3,0.8843917,i,0,1
5041,iaaaa,?,1,0.2,175.78125,,234.375,,True,ATWOOD,1+1+3,0.8801833,,0,1
5063,aaaaaa,a,0,0.0,984.375,,281.25,,True,ATWOOD,6i,0.4051,a,0,1
5064,aaaaa,a,0,0.0,468.75,,117.1875,,True,ATWOOD,5R1,0.3193417,a,0,1
5065,aaaaa,a,0,0.0,937.5,,234.375,,True,ATWOOD,5R1,0.3226834,a,0,1
5066,aaaaaa,a,0,0.0,796.875,,234.375,,True,ATWOOD,6i,0.3707417,a,0,1
5067,aaaaa,a,0,0.0,117.1875,,175.78125,,True,ATWOOD,5R1,0.3498417,a,0,1
5068,aaaaa,a,0,0.0,410.15625,,175.78125,,True,ATWOOD,5-NOISE,0.4289,a,0,1
5069,aaaaa,a,0,0.0,234.375,,58.59375,,True,ATWOOD,5R1,0.3549083,a,0,1
5070,aaaaa,a,0,0.0,234.375,,58.59375,,True,ATWOOD,5R1,0.361125,a,0,1
5071,aaaaa,a,0,0.0,0.0,,0.0,,True,ATWOOD,5R1,0.3395083,a,0,1
5072,aaaaa,a,0,0.0,234.375,,58.59375,,True,ATWOOD,5R1,0.38335,a,0,1
5073,aaaaaa,a,0,0.0,0.0,,0.0,,True,ATWOOD,6i,0.3901584,a,0,1
5074,aaaaa,a,0,0.0,58.59375,,58.59375,,True,ATWOOD,5-NOISE,0.4190967,a,0,1
5086,aaaaaa,a,0,0.0,0.0,,0.0,,True,ATWOOD,6-NOISE,1.040589,a,0,1
5087,aaaaaa,a,0,0.0,140.625,,140.625,,True,ATWOOD,6-NOISE,1.2605093,a,0,1
5088,aaaaaaaaaa,a,0,0.0,26.041666666666668,,52.083333333333336,,True,ATWOOD,10R,1.8615024,a,0,1
5089,aiiii,?,1,0.2,0.0,,0.0,,True,ATWOOD,1+1+3,0.8975,i,0,1
5090,aiaii,?,2,0.4,0.0,,0.0,,True,ATWOOD,1+1+3,0.9174917,i,0,1
5091,aaaaa,a,0,0.0,0.0,,0.0,,True,ATWOOD,1+1+3,0.9704917,a,0,1
5092,aaaaa,a,0,0.0,175.78125,,58.59375,,True,ATWOOD,1+1+3,1.0154607,a,0,1
5093,aaaaa,a,0,0.0,117.1875,,117.1875,,True,ATWOOD,1+1+3,1.1311156,a,0,1
5094,iaaaa,?,1,0.2,2285.15625,,644.53125,,True,ATWOOD,1+1+3,1.1443636,a,0,1
5095,aaaaa,a,0,0.0,117.1875,,58.59375,,True,ATWOOD,1+1+3,1.2213475,a,0,1
5096,aaaaa,a,0,0.0,117.1875,,58.59375,,True,ATWOOD,1+1+3,1.2376598,a,0,1
5119,aaaaa,a,0,0.0,0.0,,0.0,,True,ATWOOD,1+1+3,1.2470963,a,0,1
5120,aaaaa,a,0,0.0,234.375,,58.59375,,True,ATWOOD,1+1+3,1.2423655,a,0,1
5121,aaaaa,a,0,0.0,58.59375,,117.1875,,True,ATWOOD,1+1+3,1.2840083,a,0,1
5122,aaaaa,a,0,0.0,0.0,,0.0,,True,ATWOOD,1+1+3,1.2476267,a,0,1
5123,aaaaa,a,0,0.0,234.375,,58.59375,,True,ATWOOD,1+1+3,1.20455,a,1,-1
5124,aaaaa,a,0,0.0,351.5625,,117.1875,,True,ATWOOD,1+1+3,1.3499,a,1,-1
5125,aaaaa,a,0,0.0,58.59375,,117.1875,,True,ATWOOD,1+1+3,1.4196084,a,1,-1
5126,aaaaa,a,0,0.0,234.375,,58.59375,,True,ATWOOD,1+1+3,1.3377519,a,1,-1
5127,aaaaaa,a,0,0.0,234.375,,93.75,,True,ATWOOD,6-NOISE,0.9990958,a,1,-1
5128,aaaaaaaa,a,0,0.0,200.89285714285714,,133.92857142857142,,True,ATWOOD,8D,1.6578432,i,1,-1
5129,aaaaaaa,a,0,0.0,78.125,,117.1875,,True,ATWOOD,7D2,1.4578167,i,1,-1
5130,iiiiiiiai,?,1,0.1111111111111111,29.296875,,58.59375,,True,ATWOOD,9-NOISE,1.709325,i,1,-1
5160,aaaaa,a,0,0.0,234.375,,58.59375,,True,ATWOOD,5R1,0.3293314,a,1,-1
5161,aaaaa,a,0,0.0,234.375,,58.59375,,True,ATWOOD,5R1,0.317,a,1,-1
5162,aaaaa,a,0,0.0,410.15625,,234.375,,True,ATWOOD,5R1,0.3385,a,1,-1
5163,aaaaa,a,0,0.0,703.125,,234.375,,True,ATWOOD,1+1+3,0.767025,a,1,-1
5164,aiaia,?,2,0.4,1464.84375,,1289.0625,,True,ATWOOD,1+1+3,0.7648167,i,1,-1
5165,aaaaa,a,0,0.0,175.78125,,175.78125,,True,ATWOOD,1+1+3,0.77085,a,1,-1
5166,aaaaa,a,0,0.0,58.59375,,117.1875,,True,ATWOOD,1+1+3,0.78275,a,1,-1
5167,aiaii,?,2,0.4,1933.59375,,1933.59375,,True,ATWOOD,1+1+3,0.7545333,a,1,-1
5168,aaiia,?,2,0.4,1640.625,,1582.03125,,True,ATWOOD,1+1+3,0.736125,a,1,-1
5169,aaaaaa,a,0,0.0,234.375,,46.875,,True,ATWOOD,6i,0.4052417,a,1,-1
5170,aaaaa,a,0,0.0,234.375,,58.59375,,True,ATWOOD,5R1,0.344225,a,0,1
5171,aaaaa,a,0,0.0,58.59375,,117.1875,,True,ATWOOD,5R1,0.3446167,a,0,1
5172,aaaaa,a,0,0.0,58.59375,,117.1875,,True,ATWOOD,5R1,0.3394666,a,0,1
5173,aaaaa,a,0,0.0,292.96875,,175.78125,,True,ATWOOD,5R1,0.3693083,a,0,1
5174,aaaaa,a,0,0.0,644.53125,,234.375,,True,ATWOOD,5R1,0.3288833,a,0,1
5175,aaaaa,a,0,0.0,703.125,,175.78125,,True,ATWOOD,5R1,0.3096166,a,0,1
5190,aaaaa,a,0,0.0,0.0,,0.0,,True,ATWOOD,5R1,0.320125,a,0,1
5191,aaaaa,a,0,0.0,292.96875,,175.78125,,True,ATWOOD,5R1,0.3312833,a,0,1
5192,aaaaa,a,0,0.0,351.5625,,175.78125,,True,ATWOOD,5R1,0.3480166,a,0,1
5193,aaaaa,a,0,0.0,234.375,,58.59375,,True,ATWOOD,5R1,0.3535834,a,0,1
5194,aaaaaaaaaa,a,0,0.0,260.4166666666667,,78.125,,True,ATWOOD,10i,0.3961917,a,0,1
5195,aaaaaaaaa,a,0,0.0,205.078125,,29.296875,,True,ATWOOD,9i,0.3763084,a,0,1
5196,aaaaa,a,0,0.0,117.1875,,175.78125,,True,ATWOOD,1+1+3,1.3729583,a,1,-1
5197,aaaaa,a,0,0.0,0.0,,0.0,,True,ATWOOD,1+1+3,1.4024953,a,1,-1
5198,aaaaa,a,0,0.0,0.0,,0.0,,True,ATWOOD,1+1+3,1.363775,a,1,-1
5199,aaaaa,a,0,0.0,0.0,,0.0,,True,ATWOOD,1+1+3,1.3564583,a,1,-1
5200,aaaaa,a,0,0.0,0.0,,0.0,,True,ATWOOD,1+1+3,1.4225333,a,1,-1
5201,aaaaa,a,0,0.0,175.78125,,58.59375,,True,ATWOOD,1+1+3,1.388025,a,1,-1
5202,aaaaa,a,0,0.0,0.0,,0.0,,True,ATWOOD,1+1+3,1.348075,a,1,-1
5203,iiiaa,?,2,0.4,2343.75,,1933.59375,,True,ATWOOD,1+1+3,1.0961584,,1,-1
5204,aaaaa,a,0,0.0,234.375,,58.59375,,True,ATWOOD,1+1+3,1.13985,a,1,-1
5205,aaaaa,a,0,0.0,175.78125,,58.59375,,True,ATWOOD,1+1+3,1.08535,a,1,-1
5206,aaaaa,a,0,0.0,58.59375,,117.1875,,True,ATWOOD,1+1+3,1.0805916,a,1,-1
5207,aaaaaa,a,0,0.0,0.0,,0.0,,True,ATWOOD,6-NOISE,1.1322833,a,1,-1
5208,aaaaa,a,0,0.0,0.0,,0.0,,True,ATWOOD,1+1+3,1.1832417,a,1,-1
5209,aaaaa,a,0,0.0,0.0,,0.0,,True,ATWOOD,1+1+3,1.1988167,a,1,-1
5210,aaaaa,a,0,0.0,117.1875,,58.59375,,True,ATWOOD,1+1+3,1.167475,a,1,-1
5212,iaaai,?,2,0.4,1699.21875,,1171.875,,True,ATWOOD,1+1+3,0.872275,a,1,-1
5233,aaaaa,a,0,0.0,175.78125,,234.375,,True,ATWOOD,1+1+3,1.33315,a,1,-1
5234,aaaaa,a,0,0.0,117.1875,,117.1875,,True,ATWOOD,1+1+3,1.3010083,a,1,-1
5235,aaaaa,a,0,0.0,292.96875,,117.1875,,True,ATWOOD,1+1+3,1.2425167,a,1,-1
5236,aaaaa,a,0,0.0,117.1875,,175.78125,,True,ATWOOD,1+1+3,1.2543334,a,1,-1
5237,aaaaa,a,0,0.0,234.375,,58.59375,,True,ATWOOD,1+1+3,1.2430583,a,1,-1
5238,aaaaa,a,0,0.0,0.0,,0.0,,True,ATWOOD,1+1+3,1.2504167,a,1,-1
5239,aaaaa,a,0,0.0,0.0,,0.0,,True,ATWOOD,1+1+3,1.1967584,a,1,-1
5240,aaaaa,a,0,0.0,117.1875,,117.1875,,True,ATWOOD,1+1+3,1.1905666,a,1,-1
5249,aaaaaaa,a,0,0.0,156.25,,78.125,,True,ATWOOD,7D2,1.5930834,i,1,-1
5250,aaaaaaaa,a,0,0.0,0.0,,0.0,,True,ATWOOD,8D,1.7966583,i,1,-1
5256,iiiii,i,0,0.0,0.0,1464.84375,0.0,410.15625,True,ATWOOD,1+1+3,1.0424417,i,0,1
5257,iiiii,i,0,0.0,117.1875,292.96875,175.78125,117.1875,True,ATWOOD,1+1+3,1.0851666,i,0,1
5258,iiiii,i,0,0.0,0.0,0.0,0.0,0.0,True,ATWOOD,1+1+3,1.0513833,i,0,1
5259,iiaiiiiii,?,1,0.1111111111111111,117.1875,,58.59375,,True,ATWOOD,9-NOISE,1.3467667,i,0,1
5260,iiiii,i,0,0.0,175.78125,996.09375,58.59375,351.5625,True,ATWOOD,1+1+3,1.02805,,0,1
5261,iiiii,i,0,0.0,117.1875,0.0,117.1875,0.0,True,ATWOOD,1+1+3,1.1416667,i,0,1
5262,iiiii,i,0,0.0,58.59375,117.1875,117.1875,117.1875,True,ATWOOD,1+1+3,1.067875,i,0,1
5263,iiiii,i,0,0.0,0.0,58.59375,0.0,117.1875,True,ATWOOD,1+1+3,1.0001916,i,0,1
5264,iiiii,i,0,0.0,0.0,292.96875,0.0,410.15625,True,ATWOOD,1+1+3,0.9890667,i,0,1
5265,iiiii,i,0,0.0,117.1875,58.59375,58.59375,117.1875,True,ATWOOD,1+1+3,0.9768084,i,0,1
5266,iiiii,i,0,0.0,0.0,117.1875,0.0,234.375,True,ATWOOD,1+1+3,0.98795,i,0,1
5267,iiiii,i,0,0.0,117.1875,175.78125,58.59375,58.59375,True,ATWOOD,1+1+3,0.989875,i,0,1
5268,iiiii,i,0,0.0,58.59375,351.5625,117.1875,527.34375,True,ATWOOD,1+1+3,1.0174917,i,0,1
5269,iiiii,i,0,0.0,58.59375,58.59375,58.59375,117.1875,True,ATWOOD,1+1+3,1.0194829,i,0,1
5270,iiiii,i,0,0.0,58.59375,0.0,58.59375,0.0,True,ATWOOD,1+1+3,1.0295,i,0,1
5271,iiiii,i,0,0.0,117.1875,58.59375,175.78125,117.1875,True,ATWOOD,1+1+3,1.0022666,i,0,1
5272,iiiii,i,0,0.0,117.1875,0.0,175.78125,0.0,True,ATWOOD,1+1+3,0.9863833,i,0,1
5273,iiiiii,i,0,0.0,140.625,0.0,140.625,0.0,True,ATWOOD,6-NOISE,1.104425,i,0,1
5274,iiiiii,i,0,0.0,93.75,187.5,93.75,140.625,True,ATWOOD,6-NOISE,1.189125,i,0,1
5275,iiiiii,i,0,0.0,187.5,140.625,140.625,46.875,True,ATWOOD,6-NOISE,1.1713916,i,0,1
5283,iiiiii,i,0,0.0,0.0,46.875,0.0,93.75,True,ATWOOD,6-NOISE,1.0057167,i,0,1
5284,aiiii,?,1,0.2,0.0,,0.0,,True,ATWOOD,1+1+3,0.8137333,i,0,1
5285,iiiii,i,0,0.0,175.78125,0.0,58.59375,0.0,True,ATWOOD,1+1+3,0.8048833,i,0,1
5286,iiiii,i,0,0.0,234.375,117.1875,58.59375,175.78125,True,ATWOOD,1+1+3,0.806575,i,0,1
5374,iiiii,i,0,0.0,117.1875,0.0,117.1875,0.0,True,ATWOOD,1+1+3,0.9815432,i,0,1
5375,iiiii,i,0,0.0,0.0,0.0,0.0,0.0,True,ATWOOD,1+1+3,0.9749583,i,0,1
5376,iiiii,i,0,0.0,58.59375,234.375,117.1875,58.59375,True,ATWOOD,1+1+3,0.9544916,i,0,1
5377,iiiii,i,0,0.0,58.59375,58.59375,117.1875,58.59375,True,ATWOOD,1+1+3,0.926875,i,0,1
5387,iiiii,i,0,0.0,0.0,0.0,0.0,0.0,True,ATWOOD,1+1+3,1.0260833,i,0,1
5388,iiiii,i,0,0.0,0.0,175.78125,0.0,117.1875,True,ATWOOD,1+1+3,1.0279584,i,0,1
5389,iiiii,i,0,0.0,0.0,58.59375,0.0,117.1875,True,ATWOOD,1+1+3,1.0542667,i,0,1
5397,iiiii,i,0,0.0,234.375,175.78125,58.59375,117.1875,True,ATWOOD,1+1+3,0.8390417,i,0,1
5398,iiiiii,i,0,0.0,234.375,93.75,46.875,93.75,True,ATWOOD,6-NOISE,0.9022667,i,0,1
5399,iiiii,i,0,0.0,0.0,175.78125,0.0,175.78125,True,ATWOOD,5-NOISE,0.7851834,i,0,1
5400,iiiii,i,0,0.0,0.0,58.59375,0.0,117.1875,True,ATWOOD,5-NOISE,0.7542584,i,0,1
5401,iiiii,i,0,0.0,0.0,234.375,0.0,58.59375,True,ATWOOD,1+1+3,0.76985,i,0,1
5402,iiiii,i,0,0.0,234.375,234.375,58.59375,58.59375,True,ATWOOD,1+1+3,0.7580584,i,0,1
5403,iiiii,i,0,0.0,234.375,410.15625,58.59375,234.375,True,ATWOOD,1+1+3,0.775775,i,0,1
5404,iiiii,i,0,0.0,0.0,58.59375,0.0,117.1875,True,ATWOOD,1+1+3,0.7687,i,0,1
5405,iiiii,i,0,0.0,234.375,117.1875,58.59375,175.78125,True,ATWOOD,1+1+3,0.7850166,i,0,1
5406,iiiii,i,0,0.0,234.375,0.0,58.59375,0.0,True,ATWOOD,1+1+3,0.7852417,i,0,1
5407,iiiii,i,0,0.0,234.375,0.0,58.59375,0.0,True,ATWOOD,1+1+3,0.8296416,i,0,1
5408,iiiii,i,0,0.0,234.375,234.375,58.59375,58.59375,True,ATWOOD,1+1+3,0.862775,i,0,1
5409,iiiii,i,0,0.0,117.1875,0.0,234.375,0.0,True,ATWOOD,1+1+3,0.8768917,i,0,1
5410,iiiii,i,0,0.0,1230.46875,1289.0625,585.9375,937.5,True,ATWOOD,1+1+3,0.8805834,i,0,1
5438,aaaaa,a,0,0.0,468.75,,117.1875,,True,ATWOOD,5R1,0.4203084,a,1,-1
5439,aaaaa,a,0,0.0,527.34375,,234.375,,True,ATWOOD,1+1+3,0.7464,a,1,-1
5440,aaaaa,a,0,0.0,234.375,,58.59375,,True,ATWOOD,1+1+3,0.793675,a,1,-1
5441,aaaaa,a,0,0.0,117.1875,,234.375,,True,ATWOOD,1+1+3,0.7660833,a,1,-1
5442,aaaaa,a,0,0.0,117.1875,,117.1875,,True,ATWOOD,1+1+3,0.759325,a,1,-1
5443,aaaaa,a,0,0.0,292.96875,,234.375,,True,ATWOOD,1+1+3,0.7812167,a,1,-1
5444,aaaaa,a,0,0.0,878.90625,,351.5625,,True,ATWOOD,1+1+3,0.89385,a,1,-1
5445,aaaaa,a,0,0.0,351.5625,,175.78125,,True,ATWOOD,1+1+3,0.956275,a,1,-1
5446,aaaaa,a,0,0.0,175.78125,,58.59375,,True,ATWOOD,1+1+3,0.9456667,a,1,-1
5447,aaaaa,a,0,0.0,0.0,,0.0,,True,ATWOOD,1+1+3,0.9677416,a,1,-1
5448,aaaaa,a,0,0.0,0.0,,0.0,,True,ATWOOD,1+1+3,0.9564333,a,1,-1
5449,aaaaa,a,0,0.0,234.375,,58.59375,,True,ATWOOD,1+1+3,0.9585084,a,1,-1
5450,aaaaa,a,0,0.0,234.375,,58.59375,,True,ATWOOD,1+1+3,1.0144083,a,1,-1
5451,aaaaa,a,0,0.0,58.59375,,58.59375,,True,ATWOOD,1+1+3,1.033875,a,0,1
5452,aaaaa,a,0,0.0,0.0,,0.0,,True,ATWOOD,1+1+3,1.0366667,a,0,1
5453,aaaaa,a,0,0.0,234.375,,58.59375,,True,ATWOOD,1+1+3,1.0271166,a,0,1
5454,aaaaa,a,0,0.0,175.78125,,175.78125,,True,ATWOOD,1+1+3,1.0380166,a,0,1
5455,aaaaa,a,0,0.0,234.375,,58.59375,,True,ATWOOD,1+1+3,1.0521083,a,0,1
5456,aaaaa,a,0,0.0,58.59375,,58.59375,,True,ATWOOD,1+1+3,1.0684583,a,0,1
5457,aaaaa,a,0,0.0,0.0,,0.0,,True,ATWOOD,1+1+3,1.0656083,a,0,1
5458,aaaaa,a,0,0.0,175.78125,,175.78125,,True,ATWOOD,1+1+3,1.04845,a,0,1
5459,aaaaa,a,0,0.0,0.0,,0.0,,True,ATWOOD,1+1+3,1.0675417,a,0,1
5460,aaaaa,a,0,0.0,117.1875,,58.59375,,True,ATWOOD,1+1+3,1.0302917,a,0,1
5461,aaaaa,a,0,0.0,0.0,,0.0,,True,ATWOOD,1+1+3,1.018925,a,0,1
5462,aaaaa,a,0,0.0,234.375,,58.59375,,True,ATWOOD,1+1+3,1.1263333,a,0,1
5463,aaaaa,a,0,0.0,175.78125,,58.59375,,True,ATWOOD,5-NOISE,1.2020583,a,0,1
5464,aaaaa,a,0,0.0,234.375,,58.59375,,True,ATWOOD,1+1+3,1.034075,a,0,1
5465,aaaaa,a,0,0.0,234.375,,58.59375,,True,ATWOOD,1+1+3,1.0480417,a,0,1
5466,aaaaa,a,0,0.0,410.15625,,175.78125,,True,ATWOOD,1+1+3,1.0299167,a,0,1
5467,aaaaa,a,0,0.0,175.78125,,58.59375,,True,ATWOOD,1+1+3,1.0887333,a,0,1
5468,aaaaa,a,0,0.0,175.78125,,117.1875,,True,ATWOOD,1+1+3,1.0520833,a,0,1
5469,aaaaa,a,0,0.0,234.375,,58.59375,,True,ATWOOD,1+1+3,1.07485,a,0,1
5470,aaaaa,a,0,0.0,585.9375,,234.375,,True,ATWOOD,1+1+3,0.8958917,a,0,1
5471,aaaaa,a,0,0.0,117.1875,,175.78125,,True,ATWOOD,1+1+3,0.8544901,a,0,1
5472,aaaaa,a,0,0.0,117.1875,,117.1875,,True,ATWOOD,1+1+3,0.84825,a,0,1
5473,aaaaa,a,0,0.0,175.78125,,58.59375,,True,ATWOOD,1+1+3,0.8334932,a,0,1
5474,aaaaa,a,0,0.0,58.59375,,58.59375,,True,ATWOOD,1+1+3,0.821225,a,0,1
5475,aaaaa,a,0,0.0,351.5625,,117.1875,,True,ATWOOD,1+1+3,0.83,a,0,1
5476,aaaaa,a,0,0.0,351.5625,,117.1875,,True,ATWOOD,1+1+3,0.8683833,a,0,1
5477,aaaa,a,0,0.0,234.375,,78.125,,True,ATWOOD,4-NOISE,0.7185,a,0,1
5478,aaaaa,a,0,0.0,0.0,,0.0,,True,ATWOOD,1+1+3,0.9305667,a,0,1
5479,aaaaa,a,0,0.0,410.15625,,234.375,,True,ATWOOD,1+1+3,0.9664,a,0,1
5480,aaaaaaa,a,0,0.0,468.75,,78.125,,True,ATWOOD,7-NOISE,1.1172917,a,0,1
5481,aaiai,?,2,0.4,1289.0625,,2050.78125,,True,ATWOOD,1+1+3,0.8844583,,0,1
5482,aiiii,?,1,0.2,1230.46875,,410.15625,,True,ATWOOD,1+1+3,0.9230333,,0,1
5483,iaiii,?,1,0.2,878.90625,,1757.8125,,True,ATWOOD,1+1+3,0.9025667,,0,1
5611,aaaaa,a,0,0.0,527.34375,,410.15625,,True,ATWOOD,1+1+3,1.1183506,a,0,1
5612,aaaaa,a,0,0.0,0.0,,0.0,,True,ATWOOD,1+1+3,0.9721834,a,0,1
5613,aaaaa,a,0,0.0,0.0,,0.0,,True,ATWOOD,1+1+3,1.0742847,a,0,1
5642,aaaaa,a,0,0.0,585.9375,,234.375,,True,ATWOOD,1+1+3,1.235475,a,0,1
5643,aaaaa,a,0,0.0,58.59375,,58.59375,,True,ATWOOD,1+1+3,1.1523917,a,0,1
5644,aaaaa,a,0,0.0,117.1875,,58.59375,,True,ATWOOD,1+1+3,1.1503583,a,0,1
5645,aaaaa,a,0,0.0,175.78125,,58.59375,,True,ATWOOD,1+1+3,1.1101,a,0,1
5646,aaaaa,a,0,0.0,0.0,,0.0,,True,ATWOOD,1+1+3,1.094825,a,0,1
5647,aaaaa,a,0,0.0,234.375,,58.59375,,True,ATWOOD,1+1+3,1.0957333,a,0,1
5648,aaaaa,a,0,0.0,0.0,,0.0,,True,ATWOOD,1+1+3,1.11915,a,0,1
5649,aaaaa,a,0,0.0,117.1875,,175.78125,,True,ATWOOD,1+1+3,1.0698667,a,0,1
5650,aaaaaa,a,0,0.0,93.75,,93.75,,True,ATWOOD,6-NOISE,1.2037167,a,0,1
5651,aaaaa,a,0,0.0,175.78125,,117.1875,,True,ATWOOD,1+1+3,1.0529833,a,0,1
5652,aaaaa,a,0,0.0,58.59375,,58.59375,,True,ATWOOD,1+1+3,1.0359,a,0,1
5653,aaaaa,a,0,0.0,117.1875,,117.1875,,True,ATWOOD,1+1+3,1.0386333,a,0,1
5654,aaaaa,a,0,0.0,0.0,,0.0,,True,ATWOOD,1+1+3,1.084925,a,0,1
5655,aaaa,a,0,0.0,312.5,,234.375,,True,ATWOOD,4-NOISE,0.4167417,a,0,1
5656,aaaa,a,0,0.0,390.625,,156.25,,True,ATWOOD,4-NOISE,1.1113083,a,0,1
5671,aaaaa,a,0,0.0,234.375,,58.59375,,True,ATWOOD,5-NOISE,1.05305,a,0,1
5672,aaaaa,a,0,0.0,351.5625,,351.5625,,True,ATWOOD,1+1+3,1.101425,a,0,1
5673,aaaaa,a,0,0.0,292.96875,,351.5625,,True,ATWOOD,1+1+3,1.0922833,a,0,1
5674,aaaaa,a,0,0.0,761.71875,,292.96875,,True,ATWOOD,1+1+3,1.179475,a,0,1
5701,iiiii,i,0,0.0,468.75,703.125,117.1875,351.5625,True,ATWOOD,1+1+3,0.828325,i,1,-1
5702,iiiii,i,0,0.0,117.1875,117.1875,58.59375,58.59375,True,ATWOOD,1+1+3,0.81205,i,1,-1
5703,aaiii,?,2,0.4,292.96875,,410.15625,,True,ATWOOD,1+1+3,0.8317167,i,1,-1
5704,iiaai,?,2,0.4,175.78125,,58.59375,,True,ATWOOD,1+1+3,0.8067667,i,1,-1
5705,iiiia,?,1,0.2,644.53125,,234.375,,True,ATWOOD,1+1+3,0.814625,i,1,-1
5706,iiiii,i,0,0.0,527.34375,117.1875,175.78125,175.78125,True,ATWOOD,1+1+3,0.8154333,i,1,-1
5707,aaiii,?,2,0.4,0.0,,0.0,,True,ATWOOD,1+1+3,0.8327917,i,1,-1
5708,aaaaa,a,0,0.0,937.5,,292.96875,,True,ATWOOD,1+1+3,1.0134416,a,1,-1
5709,iiaai,?,2,0.4,1054.6875,,1054.6875,,True,ATWOOD,1+1+3,0.991525,a,1,-1
5710,aiiia,?,2,0.4,1230.46875,,1230.46875,,True,ATWOOD,1+1+3,1.01,a,1,-1
5711,iiiii,i,0,0.0,0.0,468.75,0.0,117.1875,True,ATWOOD,1+1+3,1.0208584,i,1,-1
5712,iiiii,i,0,0.0,0.0,175.78125,0.0,58.59375,True,ATWOOD,1+1+3,1.0607417,i,1,-1
5713,iiiii,i,0,0.0,0.0,0.0,0.0,0.0,True,ATWOOD,1+1+3,1.1085834,i,1,-1
5714,iiiii,i,0,0.0,0.0,0.0,0.0,0.0,True,ATWOOD,1+1+3,1.10305,i,1,-1
5715,iiiii,i,0,0.0,234.375,0.0,58.59375,0.0,True,ATWOOD,1+1+3,1.08995,i,1,-1
5716,iiiii,i,0,0.0,58.59375,0.0,117.1875,0.0,True,ATWOOD,1+1+3,1.0892424,i,1,-1
5717,iiiii,i,0,0.0,234.375,0.0,58.59375,0.0,True,ATWOOD,1+1+3,1.0690917,i,1,-1
5718,iiiii,i,0,0.0,175.78125,0.0,175.78125,0.0,True,ATWOOD,1+1+3,1.1135,i,1,-1
5719,iiiii,i,0,0.0,58.59375,175.78125,58.59375,175.78125,True,ATWOOD,1+1+3,1.1547333,i,1,-1
5720,iiiii,i,0,0.0,0.0,58.59375,0.0,117.1875,True,ATWOOD,1+1+3,1.1308667,i,1,-1
5721,iiiii,i,0,0.0,0.0,175.78125,0.0,58.59375,True,ATWOOD,1+1+3,1.1203333,i,1,-1
5722,aaaia,?,1,0.2,58.59375,,117.1875,,True,ATWOOD,1+1+3,1.1508834,i,1,-1
5723,aaiaa,?,1,0.2,0.0,,0.0,,True,ATWOOD,1+1+3,1.1566,i,1,-1
5724,aaaaaa,a,0,0.0,93.75,,93.75,,True,ATWOOD,6-NOISE,1.336725,i,1,-1
5725,aiiia,?,2,0.4,0.0,,0.0,,True,ATWOOD,1+1+3,1.1634917,i,1,-1
5726,iiiiii,i,0,0.0,0.0,187.5,0.0,93.75,True,ATWOOD,6-NOISE,1.299475,i,1,-1
5727,iiiii,i,0,0.0,0.0,234.375,0.0,58.59375,True,ATWOOD,1+1+3,1.1628,i,1,-1
5728,iiiii,i,0,0.0,0.0,175.78125,0.0,58.59375,True,ATWOOD,1+1+3,1.1656583,i,1,-1
5782,iiiii,i,0,0.0,117.1875,175.78125,58.59375,175.78125,True,ATWOOD,1+1+3,1.2202333,i,0,1
5783,iiiii,i,0,0.0,234.375,117.1875,351.5625,175.78125,True,ATWOOD,1+1+3,1.1449333,i,0,1
5784,iiiii,i,0,0.0,234.375,117.1875,58.59375,234.375,True,ATWOOD,1+1+3,1.0572583,i,0,1
5785,iiiii,i,0,0.0,175.78125,234.375,175.78125,175.78125,True,ATWOOD,1+1+3,0.9682667,i,0,1
5787,iiiii,i,0,0.0,175.78125,0.0,117.1875,0.0,True,ATWOOD,1+1+3,0.8077417,i,0,1
5788,iiiii,i,0,0.0,175.78125,351.5625,117.1875,585.9375,True,ATWOOD,1+1+3,0.8556833,i,0,1
5803,iiiii,i,0,0.0,0.0,117.1875,0.0,58.59375,True,ATWOOD,1+1+3,0.87825,i,0,1
5804,iiiii,i,0,0.0,117.1875,117.1875,58.59375,58.59375,True,ATWOOD,1+1+3,0.85415,i,0,1
5805,aiiii,?,1,0.2,58.59375,,58.59375,,True,ATWOOD,1+1+3,1.11705,i,0,1
5806,iiiii,i,0,0.0,58.59375,0.0,117.1875,0.0,True,ATWOOD,1+1+3,1.0714083,i,0,1
5813,iiaai,?,2,0.4,175.78125,,234.375,,True,ATWOOD,1+1+3,1.019675,i,0,1
5814,iaaai,?,2,0.4,117.1875,,58.59375,,True,ATWOOD,1+1+3,1.0788583,i,0,1
5842,iiiii,i,0,0.0,117.1875,234.375,175.78125,58.59375,True,ATWOOD,1+1+3,0.8859675,i,0,1
5843,iiiii,i,0,0.0,0.0,234.375,0.0,58.59375,True,ATWOOD,1+1+3,0.8799,i,0,1
5844,iiiii,i,0,0.0,0.0,0.0,0.0,0.0,True,ATWOOD,1+1+3,0.8463917,i,0,1
5845,iiiii,i,0,0.0,0.0,175.78125,0.0,58.59375,True,ATWOOD,1+1+3,0.8346667,i,0,1
5846,iiiii,i,0,0.0,58.59375,292.96875,58.59375,117.1875,True,ATWOOD,1+1+3,0.8433333,i,0,1
5847,iiiii,i,0,0.0,0.0,234.375,0.0,58.59375,True,ATWOOD,1+1+3,0.8982834,i,0,1
5848,iiiii,i,0,0.0,58.59375,58.59375,117.1875,117.1875,True,ATWOOD,1+1+3,0.8765334,i,0,1
5849,iiiii,i,0,0.0,117.1875,117.1875,58.59375,58.59375,True,ATWOOD,1+1+3,0.8924916,i,0,1
5850,aiiii,?,1,0.2,58.59375,,117.1875,,True,ATWOOD,1+1+3,0.9098583,i,0,1
5851,aiaiia,?,3,0.5,0.0,,0.0,,True,ATWOOD,6-NOISE,1.172941,i,0,1
5852,aaaaa,a,0,0.0,58.59375,,58.59375,,True,ATWOOD,1+1+3,1.0251,i,0,1
5853,aaaaa,a,0,0.0,175.78125,,58.59375,,True,ATWOOD,1+1+3,0.9940583,i,0,1
5854,aaaaa,a,0,0.0,117.1875,,117.1875,,True,ATWOOD,1+1+3,1.0115083,i,0,1
5881,aaaai,?,1,0.2,585.9375,,585.9375,,True,ATWOOD,1+1+3,1.1465686,a,0,1
5882,aiaaa,?,1,0.2,351.5625,,703.125,,True,ATWOOD,1+1+3,1.10535,a,0,1
5883,aaaaa,a,0,0.0,410.15625,,644.53125,,True,ATWOOD,1+1+3,1.1412916,a,0,1
5884,aaaaa,a,0,0.0,117.1875,,117.1875,,True,ATWOOD,1+1+3,1.13355,a,0,1
5885,aaaaa,a,0,0.0,175.78125,,175.78125,,True,ATWOOD,1+1+3,1.2065834,a,0,1
5886,aaaaa,a,0,0.0,0.0,,0.0,,True,ATWOOD,1+1+3,1.147725,a,0,1
5887,aaaaa,a,0,0.0,0.0,,0.0,,True,ATWOOD,1+1+3,1.1420083,a,0,1
5888,aaaaa,a,0,0.0,234.375,,58.59375,,True,ATWOOD,1+1+3,1.1559333,a,0,1
5889,aaaaa,a,0,0.0,117.1875,,117.1875,,True,ATWOOD,1+1+3,1.1360083,a,0,1
5890,aaaaa,a,0,0.0,234.375,,117.1875,,True,ATWOOD,1+1+3,1.1140417,a,0,1
5921,aaaaa,a,0,0.0,0.0,,0.0,,True,ATWOOD,1+1+3,1.0642751,a,0,1
5922,aaaaa,a,0,0.0,0.0,,0.0,,True,ATWOOD,1+1+3,1.065625,a,0,1
5923,aaaaa,a,0,0.0,0.0,,0.0,,True,ATWOOD,1+1+3,1.052175,a,0,1
5924,aaaaa,a,0,0.0,117.1875,,58.59375,,True,ATWOOD,1+1+3,1.0389334,a,0,1
5925,aaaaa,a,0,0.0,0.0,,0.0,,True,ATWOOD,1+1+3,1.2406007,a,0,1
5926,aaaaa,a,0,0.0,0.0,,0.0,,True,ATWOOD,1+1+3,1.2518417,a,0,1
5927,aaaaa,a,0,0.0,0.0,,0.0,,True,ATWOOD,1+1+3,1.2460333,a,0,1
5928,aaaaa,a,0,0.0,117.1875,,234.375,,True,ATWOOD,1+1+3,1.2069833,a,1,-1
5929,aaaaa,a,0,0.0,117.1875,,234.375,,True,ATWOOD,1+1+3,1.179175,a,1,-1
5930,aaaaa,a,0,0.0,117.1875,,175.78125,,True,ATWOOD,1+1+3,1.210275,a,1,-1
6069,iiiii,i,0,0.0,58.59375,996.09375,117.1875,351.5625,True,ATWOOD,1+1+3,0.8233084,i,0,1
6070,iiiiii,i,0,0.0,0.0,0.0,0.0,0.0,True,ATWOOD,6i,0.6538,i,0,1
6071,iiiii,i,0,0.0,0.0,234.375,0.0,58.59375,True,ATWOOD,1+1+3,0.811225,i,0,1
6072,iiiii,i,0,0.0,0.0,58.59375,0.0,117.1875,True,ATWOOD,1+1+3,0.8199334,i,0,1
6073,iiiii,i,0,0.0,0.0,234.375,0.0,58.59375,True,ATWOOD,1+1+3,0.7385334,i,0,1
6074,iiiii,i,0,0.0,0.0,0.0,0.0,0.0,True,ATWOOD,1+1+3,0.7753499,i,0,1
6075,iiiii,i,0,0.0,0.0,58.59375,0.0,117.1875,True,ATWOOD,1+1+3,0.8037417,i,0,1
6076,iiiii,i,0,0.0,292.96875,292.96875,175.78125,410.15625,True,ATWOOD,1+1+3,0.7971833,i,0,1
6108,iaaii,?,2,0.4,1464.84375,,1464.84375,,True,ATWOOD,1+1+3,0.7230583,,0,1
6109,aiiii,?,1,0.2,2929.6875,,2695.3125,,True,ATWOOD,1+1+3,0.7106333,,0,1
6110,aiiii,?,1,0.2,761.71875,,820.3125,,True,ATWOOD,1+1+3,0.7559666,,0,1
6111,aiiii,?,1,0.2,1875.0,,878.90625,,True,ATWOOD,1+1+3,0.7525667,,0,1
6112,aiiii,?,1,0.2,585.9375,,761.71875,,True,ATWOOD,1+1+3,0.7440083,,0,1
6113,aiiii,?,1,0.2,2109.375,,703.125,,True,ATWOOD,1+1+3,0.7468167,,0,1
6148,aaaaaa,a,0,0.0,562.5,,187.5,,True,ATWOOD,6i,0.3808083,a,1,-1
6149,aaaaa,a,0,0.0,234.375,,58.59375,,True,ATWOOD,5R1,0.3256583,a,1,-1
6150,aaaaa,a,0,0.0,527.34375,,234.375,,True,ATWOOD,5R1,0.3152833,a,1,-1
6151,aaaaa,a,0,0.0,292.96875,,175.78125,,True,ATWOOD,5R1,0.3938,a,1,-1
6152,aaaaa,a,0,0.0,1054.6875,,644.53125,,True,ATWOOD,5R1,0.3229417,a,1,-1
6153,aaaaa,a,0,0.0,117.1875,,234.375,,True,ATWOOD,5R1,0.3348083,a,1,-1
6154,aaaaa,a,0,0.0,761.71875,,234.375,,True,ATWOOD,5R1,0.3397333,a,1,-1
6155,aaaaa,a,0,0.0,878.90625,,292.96875,,True,ATWOOD,5R1,0.3118166,a,1,-1
6156,aaaai,?,1,0.2,1230.46875,,351.5625,,True,ATWOOD,5R1,0.335275,a,1,-1
6163,aaaaa,a,0,0.0,58.59375,,117.1875,,True,ATWOOD,1+1+3,1.4871,a,0,-1
6164,aaaaa,a,0,0.0,117.1875,,117.1875,,True,ATWOOD,1+1+3,1.3820834,a,0,-1
6165,aaaaa,a,0,0.0,175.78125,,175.78125,,True,ATWOOD,1+1+3,1.2529,a,0,-1
6166,aaaaaaaaaa,a,0,0.0,0.0,,0.0,,True,ATWOOD,10R,1.9095,a,0,-1
6167,aaaaaa,a,0,0.0,140.625,,46.875,,True,ATWOOD,6-NOISE,1.1025386,a,0,-1
6168,aaaaaa,a,0,0.0,515.625,,328.125,,True,ATWOOD,6-NOISE,1.389,a,0,-1
6169,aaaaa,a,0,0.0,175.78125,,58.59375,,True,ATWOOD,1+1+3,1.1274584,a,0,-1
6170,aaaaaa,a,0,0.0,0.0,,0.0,,True,ATWOOD,6-NOISE,1.1895,a,0,-1
6171,aaaaa,a,0,0.0,175.78125,,117.1875,,True,ATWOOD,1+1+3,1.01615,a,0,-1
6172,aaaaa,a,0,0.0,175.78125,,234.375,,True,ATWOOD,1+1+3,1.0886917,a,0,-1
6173,aaaaa,a,0,0.0,585.9375,,644.53125,,True,ATWOOD,1+1+3,1.1767417,a,1,-1
6182,aaaaa,a,0,0.0,351.5625,,175.78125,,True,ATWOOD,1+1+3,1.4943084,a,1,-1
6183,aaaaa,a,0,0.0,410.15625,,761.71875,,True,ATWOOD,5-NOISE,1.3826065,a,1,-1
6184,aaaaa,a,0,0.0,175.78125,,175.78125,,True,ATWOOD,1+1+3,1.4181167,a,1,-1
6189,aaaaa,a,0,0.0,644.53125,,175.78125,,True,ATWOOD,1+1+3,1.3451417,a,1,-1
6190,aiiaii,?,2,0.3333333333333333,1640.625,,1125.0,,True,ATWOOD,6-NOISE,1.3078167,a,1,-1
6191,aaaaa,a,0,0.0,0.0,,0.0,,True,ATWOOD,1+1+3,1.2109916,a,1,-1
6192,aaaaaaaa,a,0,0.0,636.1607142857143,,167.41071428571428,,True,ATWOOD,8D,1.4934083,i,1,-1
6193,aaaaaaaaa,a,0,0.0,175.78125,,117.1875,,True,ATWOOD,9-NOISE,1.6341833,i,1,-1
6194,aaaaaaaaa,a,0,0.0,58.59375,,117.1875,,True,ATWOOD,9-NOISE,1.6367166,i,1,-1
6221,aaaaa,a,0,0.0,117.1875,,117.1875,,True,FORK,1+1+3,0.9922,a,0,0
6222,aaaaa,a,0,0.0,351.5625,,292.96875,,True,FORK,1+1+3,0.8677083,a,0,0
6223,aaaaa,a,0,0.0,175.78125,,58.59375,,True,FORK,1+1+3,0.8866917,a,0,0
6224,aaaaa,a,0,0.0,234.375,,58.59375,,True,FORK,1+1+3,0.7822583,a,0,0
6225,aaaaa,a,0,0.0,175.78125,,234.375,,True,FORK,1+1+3,0.6997833,a,0,0
6226,aaaaa,a,0,0.0,117.1875,,117.1875,,True,FORK,1+1+3,0.799925,a,0,0
6227,aaaaa,a,0,0.0,58.59375,,117.1875,,True,FORK,1+1+3,0.8991,a,0,0
6228,aaaaa,a,0,0.0,0.0,,0.0,,True,FORK,1+1+3,0.8900833,a,0,0
6229,aaaaa,a,0,0.0,175.78125,,58.59375,,True,FORK,1+1+3,1.1157583,a,1,-1
6230,aaaaa,a,0,0.0,58.59375,,117.1875,,True,FORK,1+1+3,1.1650167,a,1,-1
6231,aaaaa,a,0,0.0,117.1875,,234.375,,True,FORK,1+1+3,1.2025666,a,1,-1
6232,aaaaa,a,0,0.0,234.375,,58.59375,,True,FORK,1+1+3,1.1897917,a,1,-1
6233,aaaaa,a,0,0.0,234.375,,58.59375,,True,FORK,1+1+3,1.303125,a,1,-1
6234,aaaaa,a,0,0.0,175.78125,,175.78125,,True,FORK,1+1+3,1.2896083,a,1,-1
6235,aaaaa,a,0,0.0,58.59375,,117.1875,,True,FORK,1+1+3,1.2745833,a,1,-1
6236,iiiiii,i,0,0.0,0.0,421.875,0.0,140.625,True,FORK,6-NOISE,1.4722416,i,1,-1
6237,iiiiii,i,0,0.0,234.375,703.125,46.875,140.625,True,FORK,6-NOISE,1.447575,i,1,-1
6238,iiiiiiiii,i,0,0.0,58.59375,292.96875,87.890625,175.78125,True,FORK,9-NOISE,1.8621824,i,1,-1
6239,iiiii,i,0,0.0,292.96875,468.75,117.1875,175.78125,True,FORK,1+1+3,1.162775,i,1,-1
6267,aaaaaaaaa,a,0,0.0,410.15625,,234.375,,True,FORK,9i,0.70375,a,0,0
6268,iaaaaaaaai,?,2,0.2,781.25,,364.5833333333333,,True,FORK,10i,0.7887666,a,0,0
6269,aaaiiaaaa,?,2,0.2222222222222222,556.640625,,468.75,,True,FORK,9i,0.694425,a,0,0
6270,aaaaaaaaa,a,0,0.0,849.609375,,205.078125,,True,FORK,9i,0.734,a,0,0
6272,iiiii,i,0,0.0,351.5625,410.15625,117.1875,234.375,True,FORK,1+1+3,0.8912604,i,0,0
6273,iiiii,i,0,0.0,234.375,234.375,58.59375,58.59375,True,FORK,1+1+3,0.8523833,i,0,0
6274,iiiii,i,0,0.0,0.0,175.78125,0.0,58.59375,True,FORK,1+1+3,0.8471417,i,0,0
6275,iiiii,i,0,0.0,175.78125,117.1875,117.1875,175.78125,True,FORK,1+1+3,0.8274333,i,0,0
6276,iiiii,i,0,0.0,117.1875,410.15625,58.59375,410.15625,True,FORK,1+1+3,0.7919774,i,0,0
6277,iiiii,i,0,0.0,0.0,58.59375,0.0,58.59375,True,FORK,1+1+3,0.7797583,i,0,0
6278,iiiii,i,0,0.0,0.0,292.96875,0.0,468.75,True,FORK,1+1+3,0.8369917,i,0,0
6279,iaiiii,?,1,0.16666666666666666,281.25,,562.5,,True,FORK,6-NOISE,1.0336833,i,0,0
6280,iiiii,i,0,0.0,175.78125,234.375,117.1875,58.59375,True,FORK,1+1+3,0.84015,i,0,0
6281,iiiii,i,0,0.0,351.5625,234.375,175.78125,58.59375,True,FORK,1+1+3,0.8107122,i,0,0
6282,iiiii,i,0,0.0,58.59375,410.15625,117.1875,117.1875,True,FORK,1+1+3,0.869675,i,0,0
6283,aaaaa,a,0,0.0,527.34375,,234.375,,True,FORK,1+1+3,0.787725,a,0,0
6284,aaaaa,a,0,0.0,175.78125,,117.1875,,True,FORK,1+1+3,0.8304167,a,0,0
6285,aaaaa,a,0,0.0,175.78125,,58.59375,,True,FORK,1+1+3,0.8957787,a,0,0
6286,aaaaa,a,0,0.0,292.96875,,175.78125,,True,FORK,1+1+3,1.1795,a,0,0
6287,aaaaa,a,0,0.0,292.96875,,175.78125,,True,FORK,1+1+3,1.1149,a,0,0
6288,aaaaa,a,0,0.0,820.3125,,234.375,,True,FORK,1+1+3,1.1411583,a,0,0
6289,aaaaa,a,0,0.0,292.96875,,234.375,,True,FORK,1+1+3,1.125675,a,0,0
6290,iiiiiiii,i,0,0.0,133.92857142857142,200.89285714285714,100.44642857142857,100.44642857142857,True,FORK,8D,1.4931167,i,0,0
6291,iiiiiiiii,i,0,0.0,58.59375,87.890625,58.59375,117.1875,True,FORK,9-NOISE,1.4593583,i,0,0
6292,iiiiiiiiii,i,0,0.0,156.25,182.29166666666666,52.083333333333336,234.375,True,FORK,10-NOISE,1.8157834,i,0,0
6330,aaaii,?,2,0.4,585.9375,,175.78125,,True,FORK,1+1+3,1.3567,i,0,0
6331,aaaaa,a,0,0.0,351.5625,,292.96875,,True,FORK,1+1+3,1.3458955,a,0,0
6332,aaaaa,a,0,0.0,117.1875,,117.1875,,True,FORK,1+1+3,1.3563166,a,0,0
6333,iiiii,i,0,0.0,234.375,585.9375,58.59375,292.96875,True,FORK,1+1+3,1.3053167,i,0,0
6334,aaaaa,a,0,0.0,234.375,,58.59375,,True,FORK,1+1+3,1.341375,i,0,0
6335,aaaaa,a,0,0.0,0.0,,0.0,,True,FORK,1+1+3,1.3566917,i,0,0
6336,aaaaa,a,0,0.0,292.96875,,175.78125,,True,FORK,1+1+3,1.2858417,i,0,0
6337,aaaaa,a,0,0.0,351.5625,,117.1875,,True,FORK,1+1+3,1.3185502,i,0,0
6338,aaaaa,a,0,0.0,117.1875,,58.59375,,True,FORK,1+1+3,1.3523167,i,0,0
6339,aaaaa,a,0,0.0,58.59375,,58.59375,,True,FORK,1+1+3,1.2745834,i,0,0
6340,aaaaa,a,0,0.0,292.96875,,175.78125,,True,FORK,1+1+3,1.2901417,i,0,0
6341,aaaaa,a,0,0.0,234.375,,58.59375,,True,FORK,1+1+3,1.26988,i,0,0
6342,aaiaa,?,1,0.2,585.9375,,527.34375,,True,FORK,1+1+3,1.23925,i,0,0
6343,aaaaa,a,0,0.0,234.375,,58.59375,,True,FORK,1+1+3,1.2986333,i,0,0
6344,aaaaa,a,0,0.0,0.0,,0.0,,True,FORK,1+1+3,1.2991166,i,0,0
6345,aaaaa,a,0,0.0,0.0,,0.0,,True,FORK,1+1+3,1.30265,i,0,0
6346,iaaaa,?,1,0.2,351.5625,,117.1875,,True,FORK,1+1+3,1.2958667,i,0,0
6347,iaaia,?,2,0.4,117.1875,,117.1875,,True,FORK,1+1+3,1.2840666,i,0,0
6348,iiiiii,i,0,0.0,234.375,328.125,46.875,140.625,True,FORK,6-NOISE,1.3853416,i,0,0
6349,aaaiii,?,3,0.5,93.75,,140.625,,True,FORK,6-NOISE,1.349475,i,0,0
6350,aaaaa,a,0,0.0,292.96875,,175.78125,,True,FORK,1+1+3,1.2569666,i,0,0
6381,aaaaaaaa,a,0,0.0,234.375,,133.92857142857142,,True,FORK,8i,0.3570083,a,0,0
6382,aaaaaaaaa,a,0,0.0,1113.28125,,234.375,,True,FORK,9i,0.4633583,a,0,0
6383,aaaaaaaa,a,0,0.0,1171.875,,167.41071428571428,,True,FORK,8i,0.3738416,a,0,0
6384,aaaaaaaaa,a,0,0.0,439.453125,,58.59375,,True,FORK,9i,0.4501084,a,0,0
6390,aaaaa,a,0,0.0,585.9375,,292.96875,,True,NALGENE,1+1+3,0.7895784,a,0,0
6391,aaaa,a,0,0.0,156.25,,234.375,,True,NALGENE,4R2,0.9918333,a,0,0
6392,iiaaa,?,2,0.4,175.78125,,58.59375,,True,NALGENE,5R3,1.1252333,a,0,0
6393,ai,?,1,0.5,2109.375,,2109.375,,True,NALGENE,2-NOISE,0.1070334,,0,0
6394,i,i,0,0.0,,,,,True,NALGENE,1-NOISE,0.0,,0,0
6395,iii,i,0,0.0,351.5625,703.125,234.375,1171.875,True,NALGENE,3-NOISE,0.3128583,,0,0
6396,ai,?,1,0.5,2578.125,,2578.125,,True,NALGENE,2-NOISE,0.0686583,,0,0
6397,iai,?,1,0.3333333333333333,468.75,,351.5625,,True,NALGENE,3-NOISE,0.3489916,,0,0
6398,iii,i,0,0.0,234.375,468.75,351.5625,937.5,True,NALGENE,3-NOISE,0.3851167,,0,0
6399,aii,?,1,0.3333333333333333,2109.375,,1054.6875,,True,NALGENE,3-NOISE,0.3724807,,0,0
6400,ia,?,1,0.5,3750.0,,3750.0,,True,NALGENE,2-NOISE,0.2117615,,0,0
6401,aaaaiiiaa,?,3,0.3333333333333333,2519.53125,,937.5,,True,NALGENE,9i,0.687925,a,0,0
6402,ii,i,0,0.0,3281.25,234.375,3281.25,234.375,True,,2-NOISE,0.2486007,,0,0
6404,iiiii,i,0,0.0,761.71875,468.75,820.3125,468.75,True,TWEAK,1+1+3,0.7743333,i,1,-1
6405,aiiii,?,1,0.2,2226.5625,,585.9375,,True,TWEAK,1+1+3,0.7578917,i,1,-1
6406,aiaii,?,2,0.4,1757.8125,,1757.8125,,True,TWEAK,1+1+3,0.69235,a,1,-1
6431,aiiii,?,1,0.2,2109.375,,1406.25,,True,TWEAK,1+1+3,0.7842167,,0,-1
6432,iiiii,i,0,0.0,175.78125,117.1875,117.1875,117.1875,True,TWEAK,1+1+3,0.7505584,,0,-1
6433,iiiii,i,0,0.0,1054.6875,878.90625,996.09375,996.09375,True,TWEAK,1+1+3,0.7246583,,0,-1
6434,iiiii,i,0,0.0,58.59375,58.59375,58.59375,58.59375,True,TWEAK,5-NOISE,0.6963917,,0,-1
6435,iiiii,i,0,0.0,234.375,1113.28125,351.5625,878.90625,True,TWEAK,1+1+3,0.7975417,,0,-1
6444,aaaaaa,a,0,0.0,609.375,,328.125,,True,TWEAK,6i,0.3246834,a,0,-1
6445,aaaaa,a,0,0.0,468.75,,292.96875,,True,TWEAK,5R1,0.3359833,a,0,-1
6446,aaaai,?,1,0.2,468.75,,468.75,,True,TWEAK,5R1,0.3643167,a,0,-1
6447,aaiaa,?,1,0.2,351.5625,,117.1875,,True,TWEAK,5R1,0.37045,a,0,-1
6448,aaaaa,a,0,0.0,1699.21875,,585.9375,,True,TWEAK,1+1+3,0.7381834,a,0,-1
6449,aiiiia,?,2,0.3333333333333333,2578.125,,1359.375,,True,TWEAK,6-NOISE,0.887225,,0,-1
6450,iaiii,?,1,0.2,644.53125,,878.90625,,True,TWEAK,1+1+3,0.674065,,0,-1
6451,iaaaa,?,1,0.2,1933.59375,,585.9375,,True,TWEAK,1+1+3,0.663,a,0,-1
6453,aaaaa,a,0,0.0,234.375,,234.375,,True,TWEAK,5R1,0.2882167,a,0,-1
6454,aaaaa,a,0,0.0,58.59375,,117.1875,,True,TWEAK,5R1,0.345625,a,0,-1
6455,aaaaa,a,0,0.0,292.96875,,117.1875,,True,TWEAK,5R1,0.3563667,a,0,-1
6456,aaaaa,a,0,0.0,292.96875,,234.375,,True,TWEAK,5R1,0.3593167,a,0,-1
6460,aaaaaa,a,0,0.0,187.5,,46.875,,True,TWEAK,6i,0.2305284,a,0,-1
6461,aaaaaaaaa,a,0,0.0,908.203125,,351.5625,,True,TWEAK,9i,0.3288833,a,0,-1
6462,aaaaa,a,0,0.0,234.375,,58.59375,,True,FORK,1+1+3,1.300934,a,0,0
6463,aaaaa,a,0,0.0,234.375,,58.59375,,True,FORK,1+1+3,1.314225,a,0,0
6464,aaaaa,a,0,0.0,117.1875,,58.59375,,True,FORK,1+1+3,1.285558,a,0,0
6465,aaaaa,a,0,0.0,58.59375,,58.59375,,True,FORK,1+1+3,1.302867,a,0,0
6466,aaaaa,a,0,0.0,117.1875,,58.59375,,True,FORK,1+1+3,1.26735,a,0,0
6467,aaaaa,a,0,0.0,0.0,,0.0,,True,FORK,1+1+3,1.284125,a,0,0
6468,aaaaa,a,0,0.0,234.375,,58.59375,,True,FORK,1+1+3,1.292325,a,0,0
6475,aaaaa,a,0,0.0,58.59375,,117.1875,,True,FORK,1+1+3,1.1989167,a,0,0
6476,aaiaa,?,1,0.2,117.1875,,175.78125,,True,FORK,1+1+3,1.1761584,i,0,0
6477,aaaaa,a,0,0.0,1113.28125,,292.96875,,True,FORK,1+1+3,1.1653667,i,0,0
6478,aaaaa,a,0,0.0,0.0,,0.0,,True,FORK,1+1+3,1.2098083,a,1,-1
6486,aaaaa,a,0,0.0,234.375,,58.59375,,True,FORK,1+1+3,1.2745,a,1,-1
6487,aaaaa,a,0,0.0,117.1875,,234.375,,True,FORK,1+1+3,1.274625,a,1,-1
6488,aaaaa,a,0,0.0,644.53125,,703.125,,True,FORK,1+1+3,1.3393583,i,0,0
6489,aaaaa,a,0,0.0,58.59375,,58.59375,,True,FORK,1+1+3,1.329525,a,0,0
6490,aaaaa,a,0,0.0,117.1875,,117.1875,,True,FORK,1+1+3,1.325425,a,0,0
6491,aaaaa,a,0,0.0,117.1875,,58.59375,,True,FORK,1+1+3,1.3078584,a,0,0
6495,aaaaa,a,0,0.0,644.53125,,234.375,,True,FORK,1+1+3,1.330075,a,0,0
6496,aaaaa,a,0,0.0,117.1875,,58.59375,,True,FORK,1+1+3,1.3260365,a,0,0
6497,aaaaa,a,0,0.0,0.0,,0.0,,True,FORK,1+1+3,1.2996083,a,0,0
6500,aaaaa,a,0,0.0,58.59375,,58.59375,,True,FORK,1+1+3,1.261975,i,0,0
6501,aaiia,?,2,0.4,937.5,,410.15625,,True,FORK,1+1+3,1.2488,i,0,0
6502,aaaaa,a,0,0.0,175.78125,,58.59375,,True,FORK,1+1+3,1.2465667,a,0,0
6509,aaaaa,a,0,0.0,234.375,,58.59375,,True,FORK,1+1+3,1.2045666,a,0,0
6510,aaaaa,a,0,0.0,0.0,,0.0,,True,FORK,1+1+3,1.2031333,a,0,0
6511,aaaaa,a,0,0.0,117.1875,,117.1875,,True,FORK,1+1+3,1.2751083,a,0,0
6512,aaaaa,a,0,0.0,234.375,,58.59375,,True,FORK,1+1+3,1.2618334,a,0,0
6513,aaaaa,a,0,0.0,0.0,,0.0,,True,FORK,1+1+3,1.2998583,a,0,0
6514,aaaaa,a,0,0.0,175.78125,,58.59375,,True,FORK,1+1+3,1.3204667,a,0,0
6578,aaaaaa,a,0,0.0,140.625,,93.75,,True,FORK,6i,0.523925,a,0,0
6579,aaaaaaaa,a,0,0.0,368.30357142857144,,100.44642857142857,,True,FORK,8i,0.67705,a,0,0
6580,aaaaaaaaa,a,0,0.0,263.671875,,146.484375,,True,FORK,9i,0.7117167,a,0,0
6582,iiaaa,?,2,0.4,585.9375,,175.78125,,True,FORK,1+1+3,0.7823666,i,1,-1
6583,aaiaa,?,1,0.2,0.0,,0.0,,True,FORK,1+1+3,0.8254166,i,1,-1
6584,aaiii,?,2,0.4,644.53125,,703.125,,True,FORK,1+1+3,0.7618583,i,1,-1
6585,aaaaa,a,0,0.0,644.53125,,292.96875,,True,FORK,1+1+3,0.7944679,i,1,-1
6586,aiaiii,?,2,0.3333333333333333,1500.0,,515.625,,True,FORK,6-NOISE,1.0240417,i,1,-1
6587,aiaii,?,2,0.4,1640.625,,937.5,,True,FORK,1+1+3,0.8040417,i,1,-1
6588,iiiii,i,0,0.0,644.53125,351.5625,175.78125,117.1875,True,FORK,1+1+3,0.738475,i,1,-1
6589,iiiii,i,0,0.0,410.15625,58.59375,234.375,58.59375,True,FORK,1+1+3,0.7623166,i,1,-1
6590,iiiii,i,0,0.0,468.75,117.1875,234.375,58.59375,True,FORK,1+1+3,0.8043667,i,1,-1
6591,iiiii,i,0,0.0,0.0,175.78125,0.0,175.78125,True,FORK,1+1+3,0.8500333,i,1,-1
6592,iiiii,i,0,0.0,58.59375,117.1875,117.1875,58.59375,True,FORK,1+1+3,0.900125,i,1,-1
6593,iiiii,i,0,0.0,0.0,117.1875,0.0,117.1875,True,FORK,1+1+3,0.9329917,i,0,0
6594,aaiia,?,2,0.4,1347.65625,,937.5,,True,FORK,1+1+3,0.9717584,i,0,0
6595,aiiii,?,1,0.2,1640.625,,410.15625,,True,FORK,1+1+3,0.9998,i,0,0
6596,aiaaa,?,1,0.2,1347.65625,,996.09375,,True,FORK,1+1+3,0.9838975,i,0,0
6597,iiaaa,?,2,0.4,234.375,,58.59375,,True,FORK,1+1+3,0.9981667,i,0,0
6598,aiiii,?,1,0.2,2050.78125,,527.34375,,True,FORK,1+1+3,1.0166084,i,0,0
6599,iaaai,?,2,0.4,58.59375,,58.59375,,True,FORK,1+1+3,1.0250167,i,0,0
6600,iaiii,?,1,0.2,58.59375,,117.1875,,True,FORK,1+1+3,1.0894333,i,0,0
6601,aaaia,?,1,0.2,292.96875,,175.78125,,True,FORK,1+1+3,1.0808167,i,0,0
6621,aaaaa,a,0,0.0,175.78125,,292.96875,,True,FORK,1+1+3,1.2803,a,1,-1
6622,aaaaa,a,0,0.0,0.0,,0.0,,True,FORK,1+1+3,1.3142333,a,1,-1
6623,aaaaa,a,0,0.0,0.0,,0.0,,True,FORK,1+1+3,1.3190417,a,1,-1
6624,aaaaa,a,0,0.0,58.59375,,117.1875,,True,FORK,1+1+3,1.277225,a,0,0
6625,aaaaa,a,0,0.0,292.96875,,175.78125,,True,FORK,1+1+3,1.2821,a,0,0
6626,aaaaa,a,0,0.0,117.1875,,117.1875,,True,FORK,1+1+3,1.2557917,a,0,0
6627,aaaaa,a,0,0.0,0.0,,0.0,,True,FORK,1+1+3,1.2859917,a,0,0
6628,aaaaa,a,0,0.0,175.78125,,175.78125,,True,FORK,1+1+3,1.25155,a,0,0
6629,aaaaa,a,0,0.0,117.1875,,175.78125,,True,FORK,1+1+3,1.2526416,a,0,0
6630,aaaaa,a,0,0.0,0.0,,0.0,,True,FORK,1+1+3,1.2709667,a,0,0
6631,aaaaa,a,0,0.0,0.0,,0.0,,True,FORK,1+1+3,1.2365334,a,0,0
6632,aaaaa,a,0,0.0,0.0,,0.0,,True,FORK,1+1+3,1.2219667,a,0,0
6633,aaaaa,a,0,0.0,0.0,,0.0,,True,FORK,1+1+3,1.2018227,a,0,0
6634,aaaaa,a,0,0.0,117.1875,,117.1875,,True,FORK,1+1+3,1.2266416,a,0,0
6635,aaaaa,a,0,0.0,58.59375,,117.1875,,True,FORK,1+1+3,1.2481584,a,0,0
6636,aaaaa,a,0,0.0,0.0,,0.0,,True,FORK,1+1+3,1.2688504,a,0,0
6637,iiiaa,?,2,0.4,3046.875,,820.3125,,True,FORK,1+1+3,1.1718321,,0,0
6638,aaiii,?,2,0.4,585.9375,,234.375,,True,FORK,1+1+3,1.266275,i,0,0
6639,iiiii,i,0,0.0,58.59375,117.1875,58.59375,117.1875,True,FORK,1+1+3,1.28115,i,0,0
6640,aaiii,?,2,0.4,58.59375,,58.59375,,True,FORK,1+1+3,1.2727833,i,0,0
6641,iiiii,i,0,0.0,175.78125,117.1875,117.1875,58.59375,True,FORK,1+1+3,1.2759674,i,0,0
6642,aaaaa,a,0,0.0,0.0,,0.0,,True,FORK,1+1+3,1.2856583,a,0,0
6643,aaaaa,a,0,0.0,0.0,,0.0,,True,FORK,1+1+3,1.2931333,a,0,0
6644,aaaaa,a,0,0.0,0.0,,0.0,,True,FORK,1+1+3,1.1904192,,0,0
6645,aaaaa,a,0,0.0,0.0,,0.0,,True,FORK,1+1+3,1.1809584,,0,0
6646,aaaaa,a,0,0.0,0.0,,0.0,,True,FORK,1+1+3,1.1562417,i,0,0
6647,aaaaa,a,0,0.0,58.59375,,117.1875,,True,FORK,1+1+3,1.302925,i,0,0
6648,iaaaa,?,1,0.2,58.59375,,117.1875,,True,FORK,1+1+3,1.2842167,i,0,0
6649,aaaaa,a,0,0.0,0.0,,0.0,,True,FORK,1+1+3,1.2831334,i,0,0
6650,aaaaaaa,a,0,0.0,234.375,,156.25,,True,FORK,7D2,1.6034416,i,0,0
6651,aaaaa,a,0,0.0,0.0,,0.0,,True,FORK,1+1+3,1.1783,a,0,0
6652,aaaaa,a,0,0.0,878.90625,,234.375,,True,FORK,1+1+3,1.1784333,a,0,0
6653,aaaaa,a,0,0.0,175.78125,,175.78125,,True,FORK,1+1+3,1.1355,a,0,0
6675,aaaaaaaaa,a,0,0.0,1142.578125,,263.671875,,True,FORK,9i,0.3850584,a,0,0
6676,aaaaaaaaa,a,0,0.0,644.53125,,205.078125,,True,FORK,9i,0.4015,a,0,0
6677,aaaaaaaaa,a,0,0.0,58.59375,,29.296875,,True,FORK,9i,0.426925,a,0,0
6678,aaaaaaaaa,a,0,0.0,791.015625,,205.078125,,True,FORK,9i,0.4140833,a,0,0
6681,aaaaa,a,0,0.0,117.1875,,175.78125,,True,FORK,5R2,0.5169,a,0,0
6682,aaaaa,a,0,0.0,351.5625,,117.1875,,True,FORK,5R2,0.5201416,a,0,0
6683,aaaaa,a,0,0.0,175.78125,,175.78125,,True,FORK,5R2,0.52085,a,0,0
6684,aaaaa,a,0,0.0,175.78125,,117.1875,,True,FORK,5R2,0.4984416,a,0,0
6685,aaaaa,a,0,0.0,117.1875,,117.1875,,True,FORK,5R2,0.4958666,a,0,0
6686,aaaaa,a,0,0.0,292.96875,,175.78125,,True,FORK,5R2,0.4852416,a,0,0
6688,iaiii,?,1,0.2,644.53125,,175.78125,,True,FORK,1+1+3,0.8372,i,0,0
6689,iiiii,i,0,0.0,117.1875,351.5625,58.59375,410.15625,True,FORK,1+1+3,0.7987834,i,0,0
6690,iiiii,i,0,0.0,58.59375,117.1875,117.1875,175.78125,True,FORK,1+1+3,0.8128416,i,0,0
6691,iiiii,i,0,0.0,0.0,175.78125,0.0,175.78125,True,FORK,1+1+3,0.828525,i,0,0
6692,iiiii,i,0,0.0,0.0,234.375,0.0,175.78125,True,FORK,1+1+3,0.824425,i,0,0
6693,iiiii,i,0,0.0,175.78125,117.1875,58.59375,58.59375,True,FORK,1+1+3,0.7848583,i,0,0
6694,aaaaa,a,0,0.0,117.1875,,117.1875,,True,FORK,5R2,0.5439584,a,0,0
6695,aaaaa,a,0,0.0,175.78125,,58.59375,,True,FORK,5R2,0.5487166,a,0,0
6696,aaaaa,a,0,0.0,527.34375,,175.78125,,True,FORK,5-NOISE,0.6982147,a,0,0
6697,aaaaa,a,0,0.0,117.1875,,175.78125,,True,FORK,1+1+3,0.7722083,a,0,0
6698,aaaaa,a,0,0.0,234.375,,175.78125,,True,FORK,1+1+3,1.1649,a,0,0
6699,aaaaa,a,0,0.0,117.1875,,117.1875,,True,FORK,1+1+3,1.161175,a,0,0
6700,aaaaa,a,0,0.0,175.78125,,234.375,,True,FORK,1+1+3,1.1399583,a,0,0
6701,aaaaa,a,0,0.0,175.78125,,58.59375,,True,FORK,1+1+3,1.1531584,a,0,0
6702,aaaaa,a,0,0.0,292.96875,,175.78125,,True,FORK,1+1+3,1.13155,a,0,0
6703,aaaaa,a,0,0.0,292.96875,,175.78125,,True,FORK,1+1+3,1.25605,a,0,0
6704,aaaaa,a,0,0.0,0.0,,0.0,,True,FORK,1+1+3,1.19745,a,0,0
6705,aaaaa,a,0,0.0,175.78125,,175.78125,,True,FORK,1+1+3,1.2336584,a,0,0
6706,aaaaa,a,0,0.0,117.1875,,58.59375,,True,FORK,1+1+3,1.2559917,a,0,0
6707,aaaaa,a,0,0.0,175.78125,,58.59375,,True,FORK,1+1+3,1.24645,a,0,0
6708,aaaaa,a,0,0.0,58.59375,,58.59375,,True,FORK,1+1+3,1.254775,a,0,0
6709,aaaaii,?,2,0.3333333333333333,984.375,,234.375,,True,FORK,6-NOISE,1.5032083,i,0,0
6710,iiiaai,?,2,0.3333333333333333,93.75,,93.75,,True,FORK,6-NOISE,1.4693917,i,0,0
6711,iiiiaaa,?,3,0.42857142857142855,156.25,,78.125,,True,FORK,7D2,1.5676917,i,0,0
6712,iaaaaai,?,2,0.2857142857142857,117.1875,,39.0625,,True,FORK,7D2,1.5293167,i,0,0
6713,iiiiiiiii,i,0,0.0,263.671875,205.078125,117.1875,146.484375,True,FORK,9-NOISE,1.7775667,i,0,0
6714,iiiii,i,0,0.0,292.96875,292.96875,175.78125,292.96875,True,FORK,1+1+3,1.0961417,i,0,0
6715,iiiii,i,0,0.0,234.375,410.15625,58.59375,117.1875,True,FORK,1+1+3,1.121675,i,0,0
6716,iiiii,i,0,0.0,117.1875,117.1875,58.59375,117.1875,True,FORK,1+1+3,1.0168334,i,0,0
6717,iiiii,i,0,0.0,0.0,0.0,0.0,0.0,True,FORK,1+1+3,0.9860084,i,0,0
6718,iiiii,i,0,0.0,0.0,234.375,0.0,58.59375,True,FORK,1+1+3,1.011075,i,0,0
6719,iiiii,i,0,0.0,0.0,234.375,0.0,117.1875,True,FORK,1+1+3,1.002025,i,0,0
6720,iiiii,i,0,0.0,117.1875,117.1875,175.78125,175.78125,True,FORK,1+1+3,0.9974917,i,0,0
6721,iiiii,i,0,0.0,58.59375,117.1875,117.1875,117.1875,True,FORK,1+1+3,1.0103417,i,0,0
6763,aaaaa,a,0,0.0,644.53125,,292.96875,,True,FORK,1+1+3,1.3368834,a,0,0
6764,aaaaa,a,0,0.0,351.5625,,117.1875,,True,FORK,1+1+3,1.2738917,a,0,0
6765,aaaaa,a,0,0.0,117.1875,,234.375,,True,FORK,1+1+3,1.2885333,a,0,0
6766,aaaaa,a,0,0.0,234.375,,234.375,,True,FORK,1+1+3,1.32125,a,0,0
6767,aaaaa,a,0,0.0,527.34375,,175.78125,,True,FORK,1+1+3,1.301675,a,0,0
6768,aaaaa,a,0,0.0,292.96875,,117.1875,,True,FORK,1+1+3,1.335725,a,0,0
6769,aaaaa,a,0,0.0,58.59375,,58.59375,,True,FORK,1+1+3,1.3247002,a,0,0
6770,iaaia,?,2,0.4,58.59375,,117.1875,,True,FORK,1+1+3,1.2874395,i,0,0
6771,aaaia,?,1,0.2,58.59375,,117.1875,,True,FORK,1+1+3,1.294625,i,0,0
6772,aaaaa,a,0,0.0,117.1875,,117.1875,,True,FORK,1+1+3,1.33655,i,0,0
6773,iaiii,?,1,0.2,175.78125,,58.59375,,True,FORK,1+1+3,1.2991667,i,0,0
6782,aaaaa,a,0,0.0,234.375,,468.75,,True,FORK,1+1+3,1.215575,a,0,0
6783,iiiiiii,i,0,0.0,312.5,78.125,117.1875,156.25,True,FORK,7D2,1.4242583,i,0,0
6784,iiiiiiii,i,0,0.0,267.85714285714283,0.0,100.44642857142857,0.0,True,FORK,8D,1.4060167,i,0,0
6785,iiiiiii,i,0,0.0,195.3125,234.375,39.0625,39.0625,True,FORK,7D2,1.4148167,i,0,0
6794,aaaaa,a,0,0.0,1054.6875,,292.96875,,True,FORK,5R2,0.4901667,a,0,1*
6795,aaaaa,a,0,0.0,117.1875,,58.59375,,True,FORK,5R2,0.4837,a,0,1*
6796,aaaaa,a,0,0.0,234.375,,58.59375,,True,FORK,5R2,0.4988667,a,0,1*
6797,aaaaa,a,0,0.0,58.59375,,58.59375,,True,FORK,5R2,0.477284,a,0,1*
6798,aaaaa,a,0,0.0,117.1875,,175.78125,,True,FORK,5R2,0.5027834,a,0,1*
6799,aaaaa,a,0,0.0,58.59375,,58.59375,,True,FORK,5R2,0.486575,a,0,1*
6805,aaaaa,a,0,0.0,0.0,,0.0,,True,FORK,5R2,0.480025,a,0,1*
6806,aaaaa,a,0,0.0,175.78125,,58.59375,,True,FORK,5R2,0.4970166,a,0,1*
6807,aaaaa,a,0,0.0,0.0,,0.0,,True,FORK,5R2,0.520275,a,0,1*
6808,aaaaa,a,0,0.0,175.78125,,117.1875,,True,FORK,5R2,0.5105917,a,0,1*
6809,aaaaa,a,0,0.0,175.78125,,175.78125,,True,FORK,5R2,0.5006833,a,0,1*
6810,aaaaa,a,0,0.0,351.5625,,468.75,,True,FORK,5R2,0.4904917,a,0,1
6811,aaaaa,a,0,0.0,820.3125,,292.96875,,True,FORK,5R2,0.4940917,a,0,1
6812,aaaaaa,a,0,0.0,468.75,,93.75,,True,FORK,6i,0.6410584,a,0,1
6813,aaaaa,a,0,0.0,468.75,,117.1875,,True,FORK,5R2,0.4718501,a,0,1
6814,aaaaa,a,0,0.0,292.96875,,175.78125,,True,FORK,5R2,0.46625,a,0,1
6815,aaaaa,a,0,0.0,58.59375,,117.1875,,True,FORK,5R2,0.4618,a,0,1
6817,iaaaa,?,1,0.2,468.75,,117.1875,,True,FORK,1+1+3,0.8057833,i,0,1
6818,iaaaa,?,1,0.2,0.0,,0.0,,True,FORK,1+1+3,0.7898834,i,0,1
6819,iaaaa,?,1,0.2,0.0,,0.0,,True,FORK,1+1+3,0.7407666,i,0,1
6820,iaaaa,?,1,0.2,0.0,,0.0,,True,FORK,1+1+3,0.7728752,i,0,1
6832,aaaii,?,2,0.4,585.9375,,585.9375,,True,FORK,1+1+3,1.23535,a,0,1
6833,aaaaa,a,0,0.0,996.09375,,468.75,,True,FORK,1+1+3,1.2256084,a,0,1
6834,aaiii,?,2,0.4,996.09375,,292.96875,,True,FORK,1+1+3,1.24035,a,0,1
6835,aaaaa,a,0,0.0,175.78125,,234.375,,True,FORK,1+1+3,1.2427417,a,0,1
6836,aaaii,?,2,0.4,761.71875,,468.75,,True,FORK,1+1+3,1.2671333,a,0,1
6837,iaaaa,?,1,0.2,1289.0625,,351.5625,,True,FORK,1+1+3,1.2538833,a,0,1
6838,aiaaa,?,1,0.2,644.53125,,1230.46875,,True,FORK,1+1+3,1.254825,a,0,1
6839,aaiai,?,2,0.4,1523.4375,,1875.0,,True,FORK,1+1+3,1.2556883,a,0,1
6840,aaaaa,a,0,0.0,351.5625,,351.5625,,True,FORK,1+1+3,1.2605083,a,0,1
6841,aaaia,?,1,0.2,527.34375,,996.09375,,True,FORK,1+1+3,1.269425,a,0,1
6842,iaaaa,?,1,0.2,820.3125,,410.15625,,True,FORK,1+1+3,1.2473417,a,0,1
6843,aaiaa,?,1,0.2,527.34375,,878.90625,,True,FORK,1+1+3,1.2642084,a,0,1
6844,iiiia,?,1,0.2,644.53125,,410.15625,,True,FORK,1+1+3,1.2613,a,0,1
6859,aaiii,?,2,0.4,1171.875,,410.15625,,True,FORK,1+1+3,1.3402152,a,0,1
6860,aaiii,?,2,0.4,1699.21875,,527.34375,,True,FORK,1+1+3,1.2740451,a,0,1
6861,aaiii,?,2,0.4,1113.28125,,527.34375,,True,FORK,1+1+3,1.3172974,a,0,1
6866,aaaaa,a,0,0.0,234.375,,468.75,,True,FORK,1+1+3,1.3490416,a,0,0
6867,aaaaa,a,0,0.0,527.34375,,175.78125,,True,FORK,1+1+3,1.3244916,a,0,0
6868,aaaaa,a,0,0.0,292.96875,,175.78125,,True,FORK,1+1+3,1.3375834,a,0,0
6869,aaaaa,a,0,0.0,468.75,,117.1875,,True,FORK,1+1+3,1.3138,a,0,0
6870,aiaia,?,2,0.4,1406.25,,1816.40625,,True,FORK,1+1+3,1.2774,a,0,0
6871,iaiaa,?,2,0.4,820.3125,,937.5,,True,FORK,1+1+3,1.320675,a,0,0
6872,aaaaa,a,0,0.0,117.1875,,58.59375,,True,FORK,1+1+3,1.2428758,a,0,0
6873,aaaaa,a,0,0.0,292.96875,,117.1875,,True,FORK,1+1+3,1.2376333,a,0,0
6874,aaaaa,a,0,0.0,117.1875,,117.1875,,True,FORK,1+1+3,1.2293417,a,0,0
6887,aaaaa,a,0,0.0,527.34375,,468.75,,True,FORK,1+1+3,1.3656167,a,0,0
6888,aaaaa,a,0,0.0,234.375,,175.78125,,True,FORK,1+1+3,1.34805,a,0,0
6889,aaaaaaaa,a,0,0.0,870.5357142857143,,167.41071428571428,,True,FORK,8i,0.3511917,a,1,-1
6890,aaaaaaaa,a,0,0.0,1406.25,,334.82142857142856,,True,FORK,8i,0.356175,a,1,-1
6891,aaaaaaaaa,a,0,0.0,1201.171875,,205.078125,,True,FORK,9i,0.399975,a,1,-1
6892,aaaaaaaa,a,0,0.0,468.75,,200.89285714285714,,True,FORK,8i,0.3662416,a,1,-1
6893,iiiiiiiii,i,0,0.0,87.890625,410.15625,87.890625,234.375,True,PINCHY,9i,0.585725,i,1,-1
6894,iiiiiiiii,i,0,0.0,351.5625,878.90625,146.484375,205.078125,True,PINCHY,9i,0.6383083,i,1,-1
6895,iiiii,i,0,0.0,234.375,644.53125,58.59375,234.375,True,PINCHY,5R2,0.5067771,i,1,-1
6896,iiiii,i,0,0.0,292.96875,468.75,175.78125,117.1875,True,PINCHY,5R2,0.4788667,i,1,-1
6897,iiiii,i,0,0.0,1289.0625,1699.21875,585.9375,1230.46875,True,PINCHY,5R2,0.5400417,i,1,-1
6898,iiiii,i,0,0.0,0.0,58.59375,0.0,58.59375,True,PINCHY,1+1+3,1.0785417,i,1,-1
6899,iiiii,i,0,0.0,0.0,351.5625,0.0,117.1875,True,PINCHY,1+1+3,1.1786861,i,1,-1
6900,iaaaa,?,1,0.2,1816.40625,,468.75,,True,PINCHY,1+1+3,1.1852458,a,1,-1
6901,aaaai,?,1,0.2,878.90625,,996.09375,,True,PINCHY,1+1+3,1.1748703,a,1,-1
6902,aaaaa,a,0,0.0,117.1875,,117.1875,,True,PINCHY,1+1+3,1.1848333,a,1,-1
6903,aaaaa,a,0,0.0,58.59375,,117.1875,,True,PINCHY,1+1+3,1.1856,a,1,-1
6904,aaaaa,a,0,0.0,175.78125,,117.1875,,True,PINCHY,1+1+3,1.2150417,a,1,-1
6905,iiiii,i,0,0.0,0.0,292.96875,0.0,292.96875,True,PINCHY,1+1+3,0.9390916,i,1,-1
6906,iiiii,i,0,0.0,0.0,468.75,0.0,117.1875,True,PINCHY,1+1+3,1.0442583,i,1,-1
6907,iiiii,i,0,0.0,0.0,0.0,0.0,0.0,True,PINCHY,1+1+3,1.174525,i,1,-1
6908,iiiii,i,0,0.0,58.59375,117.1875,117.1875,175.78125,True,PINCHY,1+1+3,1.2054333,i,1,-1
6909,iiiii,i,0,0.0,58.59375,292.96875,117.1875,175.78125,True,PINCHY,1+1+3,1.24815,i,1,-1
6910,iiiii,i,0,0.0,58.59375,234.375,117.1875,58.59375,True,PINCHY,1+1+3,1.2559417,i,1,-1
6911,iiiii,i,0,0.0,58.59375,0.0,117.1875,0.0,True,PINCHY,1+1+3,1.2924,i,1,-1
6912,aaaaa,a,0,0.0,585.9375,,175.78125,,True,PINCHY,1+1+3,1.315475,a,1,-1
6913,aaaaa,a,0,0.0,175.78125,,58.59375,,True,PINCHY,1+1+3,1.3000166,a,1,-1
6914,iiiii,i,0,0.0,292.96875,468.75,175.78125,175.78125,True,PINCHY,1+1+3,1.2400167,i,0,0
6930,aaaaa,a,0,0.0,234.375,,351.5625,,True,PINCHY,1+1+3,1.2330978,a,0,0
6931,aaaaa,a,0,0.0,234.375,,234.375,,True,PINCHY,1+1+3,1.2414952,a,0,0
6932,iiiii,i,0,0.0,0.0,117.1875,0.0,117.1875,True,PINCHY,1+1+3,1.233825,i,0,0
6933,iiiii,i,0,0.0,0.0,58.59375,0.0,58.59375,True,PINCHY,1+1+3,1.24485,i,0,0
6934,iiiii,i,0,0.0,234.375,0.0,58.59375,0.0,True,PINCHY,1+1+3,1.263225,i,0,0
6935,iiiii,i,0,0.0,0.0,234.375,0.0,175.78125,True,PINCHY,1+1+3,1.2867,i,0,0
6936,iiiii,i,0,0.0,58.59375,234.375,58.59375,58.59375,True,PINCHY,1+1+3,1.2764916,i,0,0
6937,aaaaa,a,0,0.0,351.5625,,234.375,,True,PINCHY,1+1+3,1.2991917,a,0,0
6940,aaaaa,a,0,0.0,292.96875,,292.96875,,True,PINCHY,1+1+3,1.2013667,a,0,0
6941,aaaaa,a,0,0.0,175.78125,,58.59375,,True,PINCHY,1+1+3,1.17455,a,0,0
6942,aiaaa,?,1,0.2,703.125,,820.3125,,True,PINCHY,1+1+3,1.1771417,a,0,0
6943,aaaaa,a,0,0.0,234.375,,58.59375,,True,PINCHY,1+1+3,1.1958196,a,0,0
6944,iaiai,?,2,0.4,1171.875,,1464.84375,,True,PINCHY,1+1+3,1.2514208,,0,0
6945,iiiii,i,0,0.0,0.0,58.59375,0.0,117.1875,True,PINCHY,1+1+3,1.1323696,i,0,0
6946,aaaaa,a,0,0.0,468.75,,175.78125,,True,PINCHY,1+1+3,1.2018667,a,0,0
6947,iiiii,i,0,0.0,0.0,58.59375,0.0,117.1875,True,PINCHY,1+1+3,1.2085834,i,0,0
6948,iiiii,i,0,0.0,0.0,58.59375,0.0,58.59375,True,PINCHY,1+1+3,1.23505,i,0,0
6949,iiiii,i,0,0.0,58.59375,0.0,117.1875,0.0,True,PINCHY,1+1+3,1.253575,i,0,0
6950,iiiii,i,0,0.0,0.0,58.59375,0.0,117.1875,True,PINCHY,1+1+3,1.268075,i,0,0
6951,iiiii,i,0,0.0,58.59375,0.0,117.1875,0.0,True,PINCHY,1+1+3,1.2701917,i,0,0
6952,aaaaa,a,0,0.0,58.59375,,117.1875,,True,PINCHY,1+1+3,1.2988584,a,0,0
6953,aaaaa,a,0,0.0,175.78125,,58.59375,,True,PINCHY,1+1+3,1.3088,a,0,0
6954,aaaaa,a,0,0.0,468.75,,117.1875,,True,PINCHY,1+1+3,1.308325,a,0,0
6955,aaaaa,a,0,0.0,351.5625,,234.375,,True,PINCHY,1+1+3,1.3078916,a,0,0
6956,aiiii,?,1,0.2,175.78125,,58.59375,,True,PINCHY,1+1+3,1.3087,i,0,0
6957,iiiii,i,0,0.0,58.59375,175.78125,58.59375,175.78125,True,PINCHY,1+1+3,1.32375,i,0,0
6958,iaiiiii,?,1,0.14285714285714285,273.4375,,546.875,,True,PINCHY,7i,0.5498084,i,0,0
6969,iiiii,i,0,0.0,175.78125,175.78125,58.59375,58.59375,True,PINCHY,1+1+3,1.1702167,i,0,0
6970,iiiii,i,0,0.0,0.0,0.0,0.0,0.0,True,PINCHY,1+1+3,1.2113167,i,0,0
6971,iiiii,i,0,0.0,175.78125,58.59375,175.78125,117.1875,True,PINCHY,1+1+3,1.2037167,i,0,0
6972,iiiii,i,0,0.0,0.0,234.375,0.0,58.59375,True,PINCHY,1+1+3,1.1644167,i,0,0
6973,iiiii,i,0,0.0,0.0,175.78125,0.0,58.59375,True,PINCHY,1+1+3,1.1996833,i,0,0
6974,iiiii,i,0,0.0,234.375,175.78125,58.59375,117.1875,True,PINCHY,1+1+3,1.1999166,i,0,0
6975,iiiii,i,0,0.0,0.0,292.96875,0.0,175.78125,True,PINCHY,1+1+3,1.2217333,i,0,0
6976,iiiii,i,0,0.0,117.1875,117.1875,58.59375,58.59375,True,PINCHY,1+1+3,1.2137584,i,0,0
6977,iiiii,i,0,0.0,0.0,0.0,0.0,0.0,True,PINCHY,1+1+3,1.2271333,i,0,0
6998,iaaaa,?,1,0.2,1523.4375,,468.75,,True,PINCHY,1+1+3,1.2043833,a,0,0
6999,aaaaa,a,0,0.0,234.375,,58.59375,,True,PINCHY,1+1+3,1.1902166,a,0,0
7000,aaaaa,a,0,0.0,234.375,,58.59375,,True,PINCHY,1+1+3,1.2035833,a,0,0
7001,aaaaa,a,0,0.0,410.15625,,117.1875,,True,PINCHY,1+1+3,1.16895,a,0,0
7002,aaaaa,a,0,0.0,234.375,,175.78125,,True,PINCHY,1+1+3,1.250275,a,0,0
7007,aaaaaaaaa,a,0,0.0,498.046875,,175.78125,,True,PINCHY,9i,0.398175,a,0,0
7008,aaaaaaaa,a,0,0.0,200.89285714285714,,167.41071428571428,,True,PINCHY,8i,0.3775166,a,0,0
7009,aaaaaaaa,a,0,0.0,334.82142857142856,,200.89285714285714,,True,PINCHY,8i,0.3582833,a,0,0
7010,aaaaaaaa,a,0,0.0,334.82142857142856,,167.41071428571428,,True,PINCHY,8i,0.3617833,a,0,0
7011,aaaaa,a,0,0.0,585.9375,,175.78125,,True,PINCHY,5R1,0.3268417,a,0,0
7012,aaaaa,a,0,0.0,468.75,,117.1875,,True,PINCHY,5R1,0.3342909,a,0,0
7013,aaaaa,a,0,0.0,234.375,,58.59375,,True,PINCHY,5R1,0.3284584,a,0,0
7014,aaaaa,a,0,0.0,175.78125,,175.78125,,True,PINCHY,5R1,0.3225417,a,0,0
7015,aaaaa,a,0,0.0,117.1875,,175.78125,,True,PINCHY,5R1,0.31745,a,0,0
7016,aaaaa,a,0,0.0,351.5625,,117.1875,,True,PINCHY,5R1,0.311925,a,0,0
7017,aaaaa,a,0,0.0,234.375,,58.59375,,True,PINCHY,5R1,0.3121417,a,0,0
7018,aaaaa,a,0,0.0,175.78125,,58.59375,,True,PINCHY,5R1,0.3214333,a,0,0
7059,iaaaa,?,1,0.2,58.59375,,117.1875,,True,PINCHY,1+1+3,1.3226417,i,0,1
7060,aiiii,?,1,0.2,1406.25,,585.9375,,True,PINCHY,1+1+3,1.2644416,i,0,1
7061,aiaaa,?,1,0.2,175.78125,,175.78125,,True,PINCHY,1+1+3,1.2528333,i,0,1
7062,aiiii,?,1,0.2,58.59375,,58.59375,,True,PINCHY,1+1+3,1.2615333,i,0,1
7063,aaaaa,a,0,0.0,175.78125,,117.1875,,True,PINCHY,1+1+3,1.336875,a,0,1
7064,aaaaa,a,0,0.0,175.78125,,58.59375,,True,PINCHY,1+1+3,1.333,a,0,1
7065,iiiii,i,0,0.0,0.0,117.1875,0.0,175.78125,True,PINCHY,1+1+3,1.1831167,i,0,1
7066,iiiii,i,0,0.0,175.78125,58.59375,58.59375,58.59375,True,PINCHY,1+1+3,1.2610666,i,0,1
7067,iiiia,?,1,0.2,410.15625,,117.1875,,True,PINCHY,1+1+3,1.2505333,i,0,1
7068,aiiaa,?,2,0.4,761.71875,,1113.28125,,True,PINCHY,1+1+3,1.2901084,a,0,1
7069,aaaaa,a,0,0.0,234.375,,58.59375,,True,PINCHY,1+1+3,1.343025,i,0,1
7070,iaaaa,?,1,0.2,58.59375,,117.1875,,True,PINCHY,1+1+3,1.3436011,a,0,1
7071,aaaaa,a,0,0.0,117.1875,,58.59375,,True,PINCHY,1+1+3,1.3557084,a,0,1
7072,aaaaa,a,0,0.0,175.78125,,58.59375,,True,PINCHY,1+1+3,1.361975,a,0,1
7073,aaaaa,a,0,0.0,58.59375,,117.1875,,True,PINCHY,1+1+3,1.3916417,a,0,1
7077,iiiii,i,0,0.0,703.125,644.53125,175.78125,234.375,True,PINCHY,1+1+3,1.242825,i,0,1
7078,aiiii,?,1,0.2,175.78125,,117.1875,,True,PINCHY,1+1+3,1.2303167,i,0,1
7079,iiiii,i,0,0.0,117.1875,175.78125,58.59375,58.59375,True,PINCHY,1+1+3,1.2203583,i,0,1
7083,iiiii,i,0,0.0,0.0,703.125,0.0,175.78125,True,PINCHY,1+1+3,1.204675,i,0,1
7084,iiiii,i,0,0.0,0.0,234.375,0.0,58.59375,True,PINCHY,1+1+3,1.1973,i,0,1
7085,iiiii,i,0,0.0,0.0,58.59375,0.0,117.1875,True,PINCHY,1+1+3,1.1702584,i,0,1
7104,iiiii,i,0,0.0,234.375,175.78125,58.59375,58.59375,True,PINCHY,1+1+3,0.9768417,i,0,0
7105,iiiii,i,0,0.0,117.1875,117.1875,58.59375,117.1875,True,PINCHY,1+1+3,1.0156916,i,0,0
7106,iiiii,i,0,0.0,234.375,234.375,175.78125,58.59375,True,PINCHY,1+1+3,0.97785,i,0,0
7107,iiiii,i,0,0.0,117.1875,234.375,58.59375,58.59375,True,PINCHY,1+1+3,0.9016,i,0,0
7108,iiiii,i,0,0.0,117.1875,234.375,234.375,58.59375,True,PINCHY,1+1+3,1.1459917,i,0,0
7109,iiiii,i,0,0.0,58.59375,0.0,117.1875,0.0,True,PINCHY,1+1+3,1.113975,i,0,0
7110,iiiii,i,0,0.0,0.0,0.0,0.0,0.0,True,PINCHY,1+1+3,1.1286583,i,0,0
7111,iiiii,i,0,0.0,0.0,58.59375,0.0,117.1875,True,PINCHY,1+1+3,1.1107,i,0,0
7112,iiiii,i,0,0.0,58.59375,175.78125,117.1875,117.1875,True,PINCHY,1+1+3,1.1361,i,0,0
7113,iiii,i,0,0.0,234.375,156.25,78.125,78.125,True,PINCHY,4-NOISE,1.021625,i,0,0
7114,iaiaa,?,2,0.4,1582.03125,,1113.28125,,True,PINCHY,1+1+3,1.2857521,a,0,0
7115,aaaaa,a,0,0.0,175.78125,,117.1875,,True,PINCHY,1+1+3,1.3125418,a,0,0
7116,aaaaa,a,0,0.0,0.0,,0.0,,True,PINCHY,1+1+3,1.3472923,a,0,0
7117,aaaaa,a,0,0.0,234.375,,58.59375,,True,PINCHY,1+1+3,1.337425,a,0,0
7118,aaaia,?,1,0.2,585.9375,,1171.875,,True,PINCHY,1+1+3,1.2884917,a,0,0
7119,aaaaa,a,0,0.0,234.375,,234.375,,True,PINCHY,1+1+3,1.3087139,a,0,0
7158,aaaaa,a,0,0.0,351.5625,,117.1875,,True,PINCHY,1+1+3,1.2517583,a,0,0
7159,aaaaa,a,0,0.0,58.59375,,58.59375,,True,PINCHY,1+1+3,1.193525,a,0,0
7160,aaaaa,a,0,0.0,58.59375,,117.1875,,True,PINCHY,1+1+3,1.212525,a,0,0
7161,aaaaa,a,0,0.0,175.78125,,175.78125,,True,PINCHY,1+1+3,1.2450834,a,0,0
7165,aaaaa,a,0,0.0,58.59375,,58.59375,,True,PINCHY,5R1,0.3331599,a,1,-1
7166,aaaaa,a,0,0.0,175.78125,,58.59375,,True,PINCHY,5R1,0.3298425,a,1,-1
7167,aaaaa,a,0,0.0,58.59375,,117.1875,,True,PINCHY,5R1,0.327625,a,1,-1
7171,aaaaa,a,0,0.0,175.78125,,117.1875,,True,PINCHY,5R1,0.3021,a,1,-1
7172,iaiia,?,2,0.4,1230.46875,,1582.03125,,True,PINCHY,5R1,0.3154091,a,1,-1
7173,aaaaa,a,0,0.0,58.59375,,117.1875,,True,PINCHY,5R1,0.3181402,a,1,-1
7174,aaaaa,a,0,0.0,234.375,,117.1875,,True,PINCHY,5R1,0.3116478,a,1,-1
7175,aaaaa,a,0,0.0,58.59375,,58.59375,,True,PINCHY,5R1,0.3118443,a,1,-1
7178,aaaaa,a,0,0.0,175.78125,,175.78125,,True,PINCHY,1+1+3,1.2625159,a,0,-1
7179,aaaaa,a,0,0.0,0.0,,0.0,,True,PINCHY,1+1+3,1.313875,a,0,-1
7180,aaaaa,a,0,0.0,234.375,,58.59375,,True,PINCHY,1+1+3,1.367825,a,0,-1
7181,aaaaa,a,0,0.0,175.78125,,351.5625,,True,PINCHY,1+1+3,1.2625397,a,0,-1
7182,aaaaa,a,0,0.0,117.1875,,234.375,,True,PINCHY,1+1+3,1.2695587,a,0,-1
7183,aaaaa,a,0,0.0,527.34375,,234.375,,True,PINCHY,1+1+3,1.2806466,a,0,-1
7184,aaaaa,a,0,0.0,175.78125,,58.59375,,True,PINCHY,1+1+3,1.2778008,a,0,-1
7185,aaaaa,a,0,0.0,234.375,,351.5625,,True,PINCHY,1+1+3,1.2673084,a,0,-1
7186,aaaaa,a,0,0.0,58.59375,,117.1875,,True,PINCHY,1+1+3,1.268425,a,0,-1
7187,aaaaa,a,0,0.0,175.78125,,175.78125,,True,PINCHY,1+1+3,1.2710084,a,0,-1
7205,iaaaa,?,1,0.2,585.9375,,468.75,,True,PINCHY,5R1,0.3375981,a,0,-1
7206,aaaaa,a,0,0.0,175.78125,,117.1875,,True,PINCHY,5R1,0.354152,a,0,-1
7207,aaaaa,a,0,0.0,410.15625,,234.375,,True,PINCHY,5R1,0.3245558,a,0,-1
7208,aaaaa,a,0,0.0,468.75,,117.1875,,True,PINCHY,5R1,0.3271114,a,0,-1
7209,aaaaa,a,0,0.0,1230.46875,,351.5625,,True,PINCHY,5R1,0.3358957,a,0,-1
7210,aaaaa,a,0,0.0,351.5625,,234.375,,True,PINCHY,5R1,0.3270657,a,0,-1
7211,aaaaa,a,0,0.0,0.0,,0.0,,True,PINCHY,5R1,0.3427528,a,0,-1
7227,iiiii,i,0,0.0,410.15625,878.90625,175.78125,351.5625,True,FORK,1+1+3,1.0008622,,0,0
7228,aiiii,?,1,0.2,0.0,,0.0,,True,FORK,1+1+3,0.9700084,,0,0
7229,iiiii,i,0,0.0,117.1875,58.59375,175.78125,58.59375,True,FORK,1+1+3,0.984825,i,0,0
7230,iiiii,i,0,0.0,996.09375,1054.6875,468.75,585.9375,True,FORK,1+1+3,0.959975,i,0,0
7231,iiiii,i,0,0.0,878.90625,878.90625,878.90625,937.5,True,FORK,1+1+3,0.9453416,i,0,0
7232,iaiii,?,1,0.2,292.96875,,292.96875,,True,FORK,1+1+3,0.9859584,,0,0
7233,iiiii,i,0,0.0,175.78125,1230.46875,117.1875,410.15625,True,FORK,1+1+3,0.9604083,i,0,0
7234,iiiii,i,0,0.0,996.09375,996.09375,351.5625,351.5625,True,FORK,1+1+3,0.983475,,0,0
7235,iiiii,i,0,0.0,234.375,351.5625,58.59375,117.1875,True,FORK,1+1+3,0.9423083,i,0,0
7236,iiiii,i,0,0.0,0.0,117.1875,0.0,117.1875,True,FORK,1+1+3,0.9687667,i,0,0
7237,aaaaa,a,0,0.0,468.75,,117.1875,,True,FORK,1+1+3,1.08825,a,0,0
7238,aaaaa,a,0,0.0,117.1875,,58.59375,,True,FORK,1+1+3,1.154405,a,0,0
7239,aaaaa,a,0,0.0,58.59375,,58.59375,,True,FORK,1+1+3,1.1855,a,0,0
7284,aaiaa,?,1,0.2,644.53125,,351.5625,,True,FORK,1+1+3,1.204325,a,0,0
7285,iiiaa,?,2,0.4,644.53125,,410.15625,,True,FORK,1+1+3,1.1901833,i,0,0
7286,iaaaa,?,1,0.2,703.125,,351.5625,,True,FORK,1+1+3,1.2035333,i,0,0
7287,iaiii,?,1,0.2,292.96875,,351.5625,,True,FORK,1+1+3,1.1689835,i,0,0
7288,iiiii,i,0,0.0,0.0,410.15625,0.0,117.1875,True,FORK,1+1+3,1.2502417,i,0,0
7297,aaaaa,a,0,0.0,234.375,,175.78125,,True,FORK,5R2,0.4587898,a,1,-1
7298,aaaaa,a,0,0.0,58.59375,,117.1875,,True,FORK,5R2,0.4583686,a,1,-1
7299,aaaaa,a,0,0.0,468.75,,117.1875,,True,FORK,5R2,0.4659613,a,1,-1
7300,aaaaa,a,0,0.0,58.59375,,117.1875,,True,FORK,5R2,0.484075,a,1,-1
7379,aaaaiaaai,?,2,0.2222222222222222,1933.59375,,849.609375,,True,FORK,9i,0.40325,a,0,-1
7380,aaaaaaaaa,a,0,0.0,644.53125,,175.78125,,True,FORK,9i,0.3952583,a,0,-1
7381,aaaaaaaaa,a,0,0.0,615.234375,,292.96875,,True,FORK,9i,0.4078,a,0,-1
7382,aaaaaaaa,a,0,0.0,669.6428571428571,,200.89285714285714,,True,FORK,8i,0.3462333,a,0,-1
7383,aaaaaaaa,a,0,0.0,167.41071428571428,,100.44642857142857,,True,FORK,8i,0.374225,a,0,-1
7384,aaaaaaaa,a,0,0.0,133.92857142857142,,100.44642857142857,,True,FORK,8i,0.4262417,a,0,-1
7385,aaaii,?,2,0.4,1582.03125,,1171.875,,True,FORK,5R2,0.4898833,a,0,-1
7386,aaaaa,a,0,0.0,292.96875,,468.75,,True,FORK,5R2,0.4930333,a,0,-1
7387,aaaaa,a,0,0.0,468.75,,175.78125,,True,FORK,5R2,0.500125,a,0,-1
7388,aaaaa,a,0,0.0,292.96875,,175.78125,,True,FORK,5R2,0.4927833,a,0,-1
7389,aaaaa,a,0,0.0,292.96875,,117.1875,,True,FORK,5R2,0.498175,a,0,-1
7390,aaaaa,a,0,0.0,234.375,,292.96875,,True,FORK,5R2,0.501525,a,0,-1
7391,aaaaa,a,0,0.0,351.5625,,117.1875,,True,FORK,5R2,0.508275,a,0,-1
7452,iiiii,i,0,0.0,1406.25,878.90625,2519.53125,1171.875,True,FORK,5R1,0.3331461,,1,-1
7453,iiiii,i,0,0.0,58.59375,0.0,117.1875,0.0,True,FORK,5R1,0.3298916,,1,-1
7454,iiiia,?,1,0.2,527.34375,,527.34375,,True,FORK,5R1,0.3275084,,1,-1
7458,iiiaa,?,2,0.4,4335.9375,,1113.28125,,True,FORK,5R2,0.50715,,1,-1
7459,aaaaa,a,0,0.0,0.0,,0.0,,True,FORK,5R2,0.5066666,,1,-1
7486,a,a,0,0.0,,,,,True,,1-NOISE,0.0,,0,-1
7523,aaaaa,a,0,0.0,117.1875,,58.59375,,True,TBB,1+1+3,1.2664417,a,0,-1
7524,aaaaa,a,0,0.0,175.78125,,58.59375,,True,TBB,1+1+3,1.2819416,a,0,-1
7525,aaaaa,a,0,0.0,0.0,,0.0,,True,TBB,1+1+3,1.2381167,a,0,-1
7526,aaaaa,a,0,0.0,58.59375,,117.1875,,True,TBB,1+1+3,1.2361916,a,0,-1
7527,aaaaa,a,0,0.0,0.0,,0.0,,True,TBB,1+1+3,1.2690167,a,0,-1
7551,aaaaaaa,a,0,0.0,976.5625,,195.3125,,True,TBB,7i,0.3939667,a,1,-1
7552,aaaii,?,2,0.4,1640.625,,585.9375,,True,TBB,5R1,0.3608417,a,1,-1
7553,aaaaa,a,0,0.0,58.59375,,117.1875,,True,TBB,5R1,0.327325,a,1,-1
7554,aaaaa,a,0,0.0,58.59375,,117.1875,,True,TBB,5R1,0.323,a,1,-1
7555,aaaaa,a,0,0.0,58.59375,,117.1875,,True,TBB,5R1,0.3360333,a,1,-1
7556,iaiaa,?,2,0.4,878.90625,,878.90625,,True,TBB,5R1,0.3097584,a,1,-1
7557,iaaaa,?,1,0.2,292.96875,,585.9375,,True,TBB,5R1,0.3122584,i,1,-1
7558,aaiaa,?,1,0.2,937.5,,1289.0625,,True,TBB,5R1,0.3278,i,1,-1
7559,aaaaa,a,0,0.0,0.0,,0.0,,True,TBB,5R1,0.3297083,i,1,-1
7564,aaaaa,a,0,0.0,175.78125,,58.59375,,True,TBB,5R1,0.3294833,a,1,-1
7565,aaaaa,a,0,0.0,117.1875,,58.59375,,True,TBB,5R1,0.3300584,a,1,-1
7566,aaaaa,a,0,0.0,58.59375,,58.59375,,True,TBB,5R1,0.327,a,1,-1
7567,aaaaa,a,0,0.0,0.0,,0.0,,True,TBB,5R1,0.3216083,a,1,-1
7568,aaaaa,a,0,0.0,0.0,,0.0,,True,TBB,5R1,0.3327166,a,1,-1
7569,aaaaa,a,0,0.0,0.0,,0.0,,True,TBB,5R1,0.3222083,a,1,-1
7570,aiiia,?,2,0.4,292.96875,,117.1875,,True,TBB,5R1,0.3349068,a,1,-1
7571,aaaaa,a,0,0.0,175.78125,,58.59375,,True,TBB,5R1,0.327725,a,1,-1
7572,aaaaa,a,0,0.0,117.1875,,175.78125,,True,TBB,5R1,0.32415,a,1,-1
7573,aaaaa,a,0,0.0,527.34375,,175.78125,,True,TBB,5R1,0.3155333,a,1,-1
7584,iiiii,i,0,0.0,0.0,0.0,0.0,0.0,True,TBB,1+1+3,1.0367666,i,0,-1
7585,iiiai,?,1,0.2,117.1875,,234.375,,True,TBB,1+1+3,1.010813,i,0,-1
7586,iiaaa,?,2,0.4,58.59375,,117.1875,,True,TBB,1+1+3,0.9998,i,0,-1
7587,iiiii,i,0,0.0,0.0,234.375,0.0,58.59375,True,TBB,1+1+3,0.9815167,i,0,-1
7588,aaaaa,a,0,0.0,703.125,,351.5625,,True,TBB,1+1+3,0.982525,i,0,-1
7589,aaaaa,a,0,0.0,234.375,,58.59375,,True,TBB,1+1+3,1.0074667,i,0,-1
7590,aaaaa,a,0,0.0,703.125,,234.375,,True,TBB,1+1+3,0.9837834,i,0,-1
7591,aaaaa,a,0,0.0,468.75,,117.1875,,True,TBB,1+1+3,0.9720084,i,0,-1
7607,aaaaa,a,0,0.0,1523.4375,,410.15625,,True,TBB,5R1,0.3838083,a,0,-1
7608,aaaaa,a,0,0.0,410.15625,,234.375,,True,TBB,5R1,0.3689834,a,0,-1
7609,aaaaa,a,0,0.0,234.375,,58.59375,,True,TBB,5R1,0.3343,a,0,-1
7610,aaaaa,a,0,0.0,175.78125,,58.59375,,True,TBB,5R1,0.3368,a,0,-1
7611,aaaaa,a,0,0.0,0.0,,0.0,,True,TBB,5R1,0.3710417,a,0,-1
7612,aaiii,?,2,0.4,1933.59375,,644.53125,,True,TBB,5R1,0.3350833,a,0,-1
7619,aaaai,?,1,0.2,820.3125,,761.71875,,True,TBB,5-NOISE,0.3815833,a,0,-1
7620,aiiii,?,1,0.2,2343.75,,585.9375,,True,TBB,5R1,0.3211417,i,0,-1
7621,aiiii,?,1,0.2,1875.0,,468.75,,True,TBB,5R1,0.323225,i,0,-1
7622,iiiii,i,0,0.0,58.59375,58.59375,58.59375,58.59375,True,TBB,5R1,0.3237319,i,0,-1
7623,iiiii,i,0,0.0,234.375,117.1875,58.59375,117.1875,True,TBB,5R1,0.31055,i,0,-1
7624,iiiii,i,0,0.0,234.375,0.0,58.59375,0.0,True,TBB,5R1,0.3079917,i,0,-1
7625,iiiii,i,0,0.0,234.375,117.1875,58.59375,175.78125,True,TBB,5R1,0.3120584,i,0,-1
7626,iiiia,?,1,0.2,585.9375,,410.15625,,True,TBB,5R1,0.3025833,i,0,-1
7627,iiiii,i,0,0.0,175.78125,58.59375,175.78125,117.1875,True,TBB,5R1,0.3070833,i,0,-1
7628,iiiii,i,0,0.0,234.375,117.1875,58.59375,175.78125,True,TBB,5R1,0.3094,i,0,-1
7629,aiiii,?,1,0.2,2519.53125,,703.125,,True,TBB,5R1,0.3124833,i,0,-1
7642,aaiii,?,2,0.4,410.15625,,175.78125,,True,SAM,5R1,0.3131833,i,1,-1
7643,aaaaa,a,0,0.0,175.78125,,175.78125,,True,SAM,5R1,0.3136713,a,1,-1
7644,aaaii,?,2,0.4,175.78125,,117.1875,,True,SAM,5R1,0.3179034,,1,-1
7645,aaaaa,a,0,0.0,527.34375,,468.75,,True,SAM,5R1,0.3283661,a,1,-1
7655,aaaaa,a,0,0.0,117.1875,,58.59375,,True,SAM,5R1,0.3294083,a,1,-1
7656,aaaaa,a,0,0.0,58.59375,,117.1875,,True,SAM,5R1,0.3300084,a,1,-1
7657,aaaaa,a,0,0.0,0.0,,0.0,,True,SAM,5R1,0.3269333,a,1,-1
7658,aaaaa,a,0,0.0,234.375,,58.59375,,True,SAM,5R1,0.3215334,a,1,-1
7659,aaaaa,a,0,0.0,0.0,,0.0,,True,SAM,5R1,0.332825,a,1,-1
7660,aaiii,?,2,0.4,1523.4375,,585.9375,,True,SAM,5R1,0.3222,,1,-1
7661,aaaaa,a,0,0.0,351.5625,,117.1875,,True,SAM,5R1,0.3152083,a,1,-1
7662,aaaaa,a,0,0.0,58.59375,,58.59375,,True,SAM,5R1,0.32245,a,1,-1
7663,aaaaa,a,0,0.0,0.0,,0.0,,True,SAM,5R1,0.31405,a,1,-1
7664,aaaaa,a,0,0.0,0.0,,0.0,,True,SAM,5R1,0.3262917,a,1,-1
7671,aaaaaaa,a,0,0.0,351.5625,,156.25,,True,SAM,7i,0.322875,a,1,-1
7672,aaaaaaa,a,0,0.0,39.0625,,78.125,,True,SAM,7i,0.332025,a,1,-1
7673,aaaaa,a,0,0.0,410.15625,,117.1875,,True,SAM,5R1,0.3284583,a,1,-1
7674,aaaaa,a,0,0.0,234.375,,117.1875,,True,SAM,5R1,0.3300083,a,1,-1
7675,aaaaa,a,0,0.0,58.59375,,58.59375,,True,SAM,5R1,0.3315917,a,1,-1
7676,aaaaa,a,0,0.0,175.78125,,58.59375,,True,SAM,5R1,0.3382083,a,1,-1
7677,aaaaa,a,0,0.0,117.1875,,58.59375,,True,SAM,5R1,0.3291417,a,1,-1
7678,aaaaa,a,0,0.0,292.96875,,117.1875,,True,SAM,5R1,0.307175,a,1,-1
7679,aaaaa,a,0,0.0,351.5625,,117.1875,,True,SAM,5R1,0.3053,a,1,-1
7680,aaaaa,a,0,0.0,58.59375,,58.59375,,True,SAM,5R1,0.3226917,a,1,-1
7681,aaaaa,a,0,0.0,175.78125,,117.1875,,True,SAM,5R1,0.3200334,a,1,-1
7682,aaaaa,a,0,0.0,234.375,,58.59375,,True,SAM,5R1,0.3170917,a,1,-1
7689,aaaaa,a,0,0.0,0.0,,0.0,,True,SAM,5R1,0.3170666,a,1,-1
7690,aaaaa,a,0,0.0,351.5625,,117.1875,,True,SAM,5R1,0.3271334,a,1,-1
7691,aaaaa,a,0,0.0,175.78125,,175.78125,,True,SAM,5R1,0.3275461,a,1,-1
7692,aaaaa,a,0,0.0,117.1875,,58.59375,,True,SAM,5R1,0.3182084,a,1,-1
7693,aaaaa,a,0,0.0,58.59375,,58.59375,,True,SAM,5R1,0.3223,a,1,-1
7694,aaaaa,a,0,0.0,175.78125,,58.59375,,True,SAM,5R1,0.3196417,a,1,-1
7695,aaaaa,a,0,0.0,117.1875,,58.59375,,True,SAM,5R1,0.3242667,a,1,-1
7696,aaaaa,a,0,0.0,175.78125,,58.59375,,True,SAM,5R1,0.3145833,a,1,-1
7697,aaaaa,a,0,0.0,234.375,,58.59375,,True,SAM,5R1,0.329275,a,1,-1
7698,aaaaa,a,0,0.0,175.78125,,58.59375,,True,SAM,5R1,0.33005,a,1,-1
7699,aaaaa,a,0,0.0,58.59375,,117.1875,,True,SAM,5R1,0.334525,a,1,-1
7700,aaaaa,a,0,0.0,0.0,,0.0,,True,SAM,5R1,0.3340666,a,1,-1
7712,aaaaa,a,0,0.0,585.9375,,292.96875,,True,SAM,1+1+3,0.9017583,a,0,-1
7713,aaaaa,a,0,0.0,117.1875,,58.59375,,True,SAM,1+1+3,0.9000833,a,0,-1
7714,aaaii,?,2,0.4,0.0,,0.0,,True,SAM,2+3,0.6686917,i,0,-1
7715,iiiii,i,0,0.0,0.0,117.1875,0.0,117.1875,True,SAM,2+3,0.6097333,i,0,-1
7716,aaaaa,a,0,0.0,58.59375,,117.1875,,True,SAM,1+1+3,1.1370206,i,0,-1
7730,iiiii,i,0,0.0,644.53125,58.59375,234.375,58.59375,True,SAM,5R1,0.3256328,i,0,-1
7731,aaaaa,a,0,0.0,58.59375,,117.1875,,True,SAM,5R1,0.3324417,a,0,-1
7732,aaaaa,a,0,0.0,0.0,,0.0,,True,SAM,5R1,0.3305666,a,0,-1
7733,aaaaa,a,0,0.0,117.1875,,58.59375,,True,SAM,5R1,0.3342667,a,0,-1
7734,aaaaa,a,0,0.0,703.125,,175.78125,,True,SAM,5R1,0.3184667,a,0,-1
7735,aaaaa,a,0,0.0,0.0,,0.0,,True,SAM,5R1,0.3222083,a,0,-1
7736,aaaaa,a,0,0.0,234.375,,58.59375,,True,SAM,5R1,0.3090667,a,0,-1
7737,aaaaa,a,0,0.0,0.0,,0.0,,True,SAM,5R1,0.31685,a,0,-1
7738,aaaaa,a,0,0.0,468.75,,175.78125,,True,SAM,5R1,0.3185666,a,0,-1
7739,aaaaa,a,0,0.0,0.0,,0.0,,True,SAM,5R1,0.3146167,a,0,-1
7740,aaaaa,a,0,0.0,585.9375,,292.96875,,True,SAM,5R1,0.3137584,a,0,-1
7770,aaaaaaaa,a,0,0.0,904.0178571428571,,301.3392857142857,,True,TBB,8i,0.3883416,a,1,-1
7771,aaaaa,a,0,0.0,117.1875,,117.1875,,True,TBB,5R1,0.3307417,a,1,-1
7772,aaaaa,a,0,0.0,117.1875,,58.59375,,True,TBB,5R1,0.3267833,a,1,-1
7773,aaaaa,a,0,0.0,58.59375,,117.1875,,True,TBB,5R1,0.3266667,a,1,-1
7774,aaaaa,a,0,0.0,234.375,,292.96875,,True,TBB,5R1,0.3254917,a,1,-1
7775,aaaaa,a,0,0.0,175.78125,,58.59375,,True,TBB,5R1,0.3180584,a,1,-1
7776,aaaaaa,a,0,0.0,375.0,,281.25,,True,TBB,6i,0.4363334,a,1,-1
7784,aaaaa,a,0,0.0,996.09375,,410.15625,,True,TBB,5R1,0.327575,a,1,-1
7785,aaaaa,a,0,0.0,820.3125,,292.96875,,True,TBB,5R1,0.3044833,a,1,-1
7786,aaaaa,a,0,0.0,292.96875,,175.78125,,True,TBB,5R1,0.3086916,a,1,-1
7787,aiaii,?,2,0.4,1699.21875,,1816.40625,,True,TBB,1+1+3,0.7435,a,1,-1
7788,aaiii,?,2,0.4,2050.78125,,761.71875,,True,TBB,1+1+3,0.7120333,a,1,-1
7807,aaaaaa,a,0,0.0,281.25,,281.25,,True,TBB,6i,0.4678583,a,1,-1
7808,aaaaa,a,0,0.0,410.15625,,175.78125,,True,TBB,5R1,0.3402084,a,1,-1
7809,aaaaa,a,0,0.0,292.96875,,234.375,,True,TBB,5R1,0.337875,a,1,-1
7814,iiiii,i,0,0.0,585.9375,2226.5625,175.78125,996.09375,True,LAIUS,1+1+3,1.4187186,,0,0
7815,iiiii,i,0,0.0,292.96875,937.5,292.96875,468.75,True,LAIUS,1+1+3,1.4175833,,0,0
7816,iiiii,i,0,0.0,234.375,1406.25,58.59375,351.5625,True,LAIUS,1+1+3,1.3804084,,0,0
7817,iiiii,i,0,0.0,0.0,117.1875,0.0,117.1875,True,LAIUS,1+1+3,1.4151532,,0,0
7818,iiiii,i,0,0.0,0.0,292.96875,0.0,175.78125,True,LAIUS,1+1+3,1.4123083,,0,0
7819,iiiii,i,0,0.0,117.1875,117.1875,117.1875,58.59375,True,LAIUS,1+1+3,1.3934416,,0,0
7820,iiiii,i,0,0.0,234.375,234.375,175.78125,351.5625,True,LAIUS,1+1+3,1.39545,,0,0
7821,iiiii,i,0,0.0,351.5625,410.15625,234.375,117.1875,True,LAIUS,1+1+3,1.408525,,0,0
7822,iiiii,i,0,0.0,0.0,117.1875,0.0,117.1875,True,LAIUS,1+1+3,1.389875,,0,0
7823,iaiii,?,1,0.2,878.90625,,1054.6875,,True,LAIUS,1+1+3,1.4082833,,0,0
7833,iiiii,i,0,0.0,58.59375,0.0,117.1875,0.0,True,LAIUS,1+1+3,1.1636603,i,0,0
7834,iiiii,i,0,0.0,175.78125,1406.25,292.96875,1640.625,True,LAIUS,1+1+3,1.1683333,,0,0
7841,aaiii,?,2,0.4,1406.25,,468.75,,True,LAIUS,1+1+3,0.8384833,a,1,-1
7842,aaaaa,a,0,0.0,527.34375,,644.53125,,True,LAIUS,1+1+3,0.8152833,a,1,-1
7843,aiiai,?,2,0.4,2109.375,,1933.59375,,True,LAIUS,1+1+3,0.8083916,a,1,-1
7844,iiaaa,?,2,0.4,1523.4375,,644.53125,,True,LAIUS,1+1+3,0.8038083,a,1,-1
7845,aaaaa,a,0,0.0,996.09375,,292.96875,,True,LAIUS,1+1+3,0.806875,a,1,-1
7846,iiiaa,?,2,0.4,1464.84375,,996.09375,,True,LAIUS,1+1+3,0.8690416,a,1,-1
7847,aaiia,?,2,0.4,1171.875,,1464.84375,,True,LAIUS,1+1+3,0.7707167,a,1,-1
7848,iiiia,?,1,0.2,1054.6875,,1113.28125,,True,LAIUS,1+1+3,0.7434667,a,1,-1
7849,aiiia,?,2,0.4,1992.1875,,937.5,,True,LAIUS,1+1+3,0.7325083,a,1,-1
7850,aaaaa,a,0,0.0,410.15625,,468.75,,True,LAIUS,1+1+3,0.7273171,a,1,-1
7851,iiiii,i,0,0.0,234.375,292.96875,58.59375,410.15625,True,LAIUS,1+1+3,0.7310833,i,1,-1
7852,aiiii,?,1,0.2,117.1875,,175.78125,,True,LAIUS,1+1+3,0.742475,i,1,-1
7853,iiiii,i,0,0.0,58.59375,351.5625,117.1875,117.1875,True,LAIUS,1+1+3,0.7412583,,1,-1
7872,aaaaa,a,0,0.0,410.15625,,234.375,,True,SOPH,5R1,0.305075,a,1,-1
7873,aaaaa,a,0,0.0,0.0,,0.0,,True,SOPH,5R1,0.3006584,a,1,-1
7874,aaaai,?,1,0.2,175.78125,,234.375,,True,SOPH,1+1+3,0.68315,,1,-1
7875,iaaaa,?,1,0.2,410.15625,,117.1875,,True,SOPH,1+1+3,0.7081417,,1,-1
7876,iaaaa,?,1,0.2,175.78125,,58.59375,,True,SOPH,1+1+3,0.7281333,,1,-1
7877,iaaaa,?,1,0.2,0.0,,0.0,,True,SOPH,1+1+3,0.73281,,1,-1
7878,aiaai,?,2,0.4,1289.0625,,1640.625,,True,SOPH,1+1+3,0.7402584,,1,-1
7879,aaaia,?,1,0.2,351.5625,,117.1875,,True,SOPH,1+1+3,0.7388,,1,-1
7880,aiaai,?,2,0.4,1054.6875,,292.96875,,True,SOPH,1+1+3,0.7183584,,1,-1
7881,aaaaa,a,0,0.0,410.15625,,234.375,,True,SOPH,1+1+3,0.7383083,,1,-1
7882,aaaaa,a,0,0.0,527.34375,,585.9375,,True,SOPH,1+1+3,0.7345833,,1,-1
7883,aaaaa,a,0,0.0,175.78125,,175.78125,,True,SOPH,1+1+3,0.7225417,,1,-1
7884,aaaaa,a,0,0.0,,,,,True,SOPH,1+1+3,0.71765,,1,-1
7885,aaaaa,a,0,0.0,234.375,,58.59375,,True,SOPH,5R1,0.2999083,a,1,-1
7886,aaaaa,a,0,0.0,468.75,,175.78125,,True,SOPH,5R1,0.299704,a,1,-1
7887,aaaaa,a,0,0.0,117.1875,,175.78125,,True,SOPH,5R1,0.2994296,a,1,-1
7905,aaaaa,a,0,0.0,58.59375,,117.1875,,True,SOPH,5R1,0.3238936,a,1,-1
7906,iiiaa,?,2,0.4,1757.8125,,820.3125,,True,SOPH,5R1,0.3175083,a,1,-1
7915,iiiii,i,0,0.0,1816.40625,703.125,468.75,410.15625,True,SOPH,1+1+3,0.8684333,,0,-1
7916,iiiia,?,1,0.2,58.59375,,117.1875,,True,SOPH,1+1+3,0.9778728,,0,-1
7917,iiiia,?,1,0.2,410.15625,,117.1875,,True,SOPH,1+1+3,0.8301261,,0,-1
7918,aiiii,?,1,0.2,937.5,,644.53125,,True,SOPH,1+1+3,0.814326,,0,-1
7919,iiiii,i,0,0.0,292.96875,0.0,175.78125,0.0,True,SOPH,1+1+3,0.8012167,,0,-1
7920,iiiii,i,0,0.0,117.1875,117.1875,58.59375,234.375,True,SOPH,1+1+3,0.7796557,,0,-1
7921,iiiii,i,0,0.0,292.96875,351.5625,117.1875,410.15625,True,SOPH,1+1+3,0.7907666,,0,-1
7922,aiiii,?,1,0.2,2226.5625,,703.125,,True,SOPH,1+1+3,0.7599333,,0,-1
7923,aaiii,?,2,0.4,1757.8125,,585.9375,,True,SOPH,1+1+3,0.7598417,,0,-1
7924,iiiii,i,0,0.0,1054.6875,234.375,351.5625,58.59375,True,SOPH,1+1+3,0.761675,i,0,-1
7925,iiiii,i,0,0.0,410.15625,0.0,351.5625,0.0,True,SOPH,1+1+3,0.7832083,i,0,-1
7926,aaaii,?,2,0.4,0.0,,0.0,,True,SOPH,1+1+3,0.7492084,i,0,-1
7927,aiiii,?,1,0.2,0.0,,0.0,,True,SOPH,1+1+3,0.7906584,i,0,-1
7928,iiaii,?,1,0.2,58.59375,,117.1875,,True,SOPH,1+1+3,0.765075,i,0,-1
7929,iiiii,i,0,0.0,0.0,351.5625,0.0,117.1875,True,SOPH,1+1+3,0.78165,i,0,-1
7930,iiiii,i,0,0.0,234.375,234.375,58.59375,410.15625,True,SOPH,1+1+3,0.768474,i,0,-1
7931,iiiii,i,0,0.0,58.59375,292.96875,117.1875,410.15625,True,SOPH,1+1+3,0.7639583,i,0,-1
7932,iiaii,?,1,0.2,58.59375,,117.1875,,True,SOPH,1+1+3,0.7959417,i,0,-1
7933,aiiii,?,1,0.2,1171.875,,468.75,,True,SOPH,1+1+3,0.8056583,i,0,-1
7934,iiiii,i,0,0.0,58.59375,996.09375,117.1875,351.5625,True,SOPH,1+1+3,0.8082583,i,0,-1
7935,iiiii,i,0,0.0,351.5625,351.5625,585.9375,527.34375,True,SOPH,1+1+3,0.8133,i,0,-1
7936,iiiii,i,0,0.0,0.0,58.59375,0.0,58.59375,True,SOPH,1+1+3,0.8377,i,0,-1
7937,aiiii,?,1,0.2,58.59375,,58.59375,,True,SOPH,1+1+3,0.85555,i,0,-1
8016,iaaaaaaa,?,1,0.125,2712.0535714285716,,502.23214285714283,,True,SOPH,8i,0.3454833,a,1,-1
8017,aaaaaaaa,a,0,0.0,435.26785714285717,,368.30357142857144,,True,SOPH,8i,0.3718167,a,1,-1
8018,aaaaa,a,0,0.0,234.375,,58.59375,,True,SOPH,5R1,0.313525,a,1,-1
8019,aaaaa,a,0,0.0,292.96875,,468.75,,True,SOPH,5R1,0.3141238,a,1,-1
8020,aaaaaa,a,0,0.0,140.625,,281.25,,True,SOPH,6i,0.3860833,a,1,-1
8021,aaaaaa,a,0,0.0,281.25,,281.25,,True,SOPH,6i,0.3664166,a,1,-1
8024,aaaaaa,a,0,0.0,328.125,,375.0,,True,SOPH,6i,0.4215019,a,1,-1
8025,iaiii,?,1,0.2,410.15625,,234.375,,True,SOPH,1+1+3,0.6940583,,1,-1
8026,aaaii,?,2,0.4,937.5,,820.3125,,True,SOPH,1+1+3,0.6987031,,1,-1
8027,iiiii,i,0,0.0,234.375,175.78125,58.59375,117.1875,True,SOPH,1+1+3,0.72046,,1,-1
8028,iaiii,?,1,0.2,1230.46875,,937.5,,True,SOPH,1+1+3,0.7228134,,1,-1
8034,aiiiii,?,1,0.16666666666666666,421.875,,234.375,,True,,6R,1.3391174,,1,-1
8035,iiiii,i,0,0.0,2285.15625,3750.0,1113.28125,1230.46875,True,,5R3,1.1610584,,1,-1
8036,iiiia,?,1,0.2,175.78125,,175.78125,,True,,5-NOISE,1.6623334,,0,1
8037,iiii,i,0,0.0,2656.25,1484.375,3984.375,2031.25,True,,4R2,1.2236334,,0,1
8038,iiii,i,0,0.0,0.0,390.625,0.0,156.25,True,,4R2,1.131719,,0,1
8039,iiiaa,?,2,0.4,234.375,,58.59375,,True,,5-NOISE,1.9927167,,0,1
8040,iiaaa,?,2,0.4,0.0,,0.0,,True,,5-NOISE,2.015725,,0,1
8048,aaaaa,a,0,0.0,410.15625,,117.1875,,True,,5R3,1.3665334,,0,1
8049,aaaa,a,0,0.0,390.625,,156.25,,True,,4-NOISE,1.5024167,,0,1
8050,aaaa,a,0,0.0,312.5,,156.25,,True,,4R2,1.4019333,,0,1
8063,iiaaaaaa,?,2,0.25,1071.4285714285713,,234.375,,True,,8-NOISE,2.08625,,1,-1
8064,iiiia,?,1,0.2,0.0,,0.0,,True,,5R3,1.1856,,1,-1
8065,iiaaa,?,2,0.4,234.375,,58.59375,,True,,5R3,1.1955834,,1,-1
8066,aaiaa,?,1,0.2,351.5625,,234.375,,True,,5R3,1.1570083,,1,-1
8067,aaaaa,a,0,0.0,410.15625,,292.96875,,True,,5R3,1.1509417,,1,-1
8068,aaaaa,a,0,0.0,468.75,,117.1875,,True,,5R3,1.192325,,1,-1
8069,aiiaa,?,2,0.4,937.5,,761.71875,,True,,5R3,1.198625,,1,-1
8076,aaaaaaaaa,a,0,0.0,146.484375,,87.890625,,True,,9R,1.4466834,,1,-1
8077,aaaaaaaiia,?,2,0.2,468.75,,468.75,,True,,10R,1.5668667,,1,-1
8078,aaaaaaaaa,a,0,0.0,263.671875,,87.890625,,True,,9R,1.4508333,,1,-1
8079,aiaaiiiiia,?,4,0.4,729.1666666666666,,338.5416666666667,,True,,10R,1.6084333,,1,-1
8080,aaaiiiiiia,?,4,0.4,781.25,,729.1666666666666,,True,,10R,1.6013333,,1,-1
8081,iaaaiiiii,?,3,0.3333333333333333,1142.578125,,380.859375,,True,,9R,1.4461833,,1,-1
8082,iiiii,i,0,0.0,878.90625,2109.375,410.15625,761.71875,True,,5R3,1.1605167,,1,-1
8089,aaaaa,a,0,0.0,58.59375,,117.1875,,True,,5R3,1.1658084,,1,-1
8090,iiiii,i,0,0.0,175.78125,0.0,58.59375,0.0,True,,5R3,1.1155417,,1,-1
8091,iiiii,i,0,0.0,117.1875,234.375,117.1875,58.59375,True,,5R3,1.0691833,,1,-1
8093,iaaia,?,2,0.4,3164.0625,,2988.28125,,True,,5R3,1.1040917,,1,-1
8111,iiiii,i,0,0.0,175.78125,292.96875,58.59375,292.96875,True,,5-NOISE,2.040725,,1,-1
8112,aaaaa,a,0,0.0,410.15625,,175.78125,,True,,5-NOISE,1.9608,,1,-1
8118,aaaa,a,0,0.0,312.5,,156.25,,True,,4R2,0.998775,,1,-1
8119,aaiaa,?,1,0.2,585.9375,,351.5625,,True,,5R3,1.2848667,,1,-1
8120,aaaaa,a,0,0.0,175.78125,,175.78125,,True,,5R3,1.3199917,,1,-1
8121,aaaaa,a,0,0.0,703.125,,175.78125,,True,,5R3,1.24165,,0,-1
8122,aiiii,?,1,0.2,1816.40625,,527.34375,,True,,5R3,1.2173583,,0,-1
8123,aiaaa,?,1,0.2,703.125,,175.78125,,True,,5R3,1.1774417,,0,-1
8124,aiiaa,?,2,0.4,351.5625,,292.96875,,True,,5R3,1.1688333,,0,-1
8125,iiaaa,?,2,0.4,351.5625,,175.78125,,True,,5R3,1.1525916,,0,-1
8126,aiiia,?,2,0.4,175.78125,,117.1875,,True,,5R3,1.1149333,,0,-1
8127,iiiii,i,0,0.0,3691.40625,3164.0625,1054.6875,1171.875,True,,5R3,1.128825,,0,-1
8128,aiiaa,?,2,0.4,1230.46875,,1054.6875,,True,,5R3,1.3271334,,0,-1
8129,aiiii,?,1,0.2,1582.03125,,2402.34375,,True,,5R3,1.1272391,,0,-1
8130,iiaii,?,1,0.2,4453.125,,1113.28125,,True,,5R3,1.077903,,0,-1
8156,iaaaaa,?,1,0.16666666666666666,2812.5,,562.5,,True,,6R,1.37125,,0,-1
8157,aiiii,?,1,0.2,,,,,True,,5R3,1.07965,,0,-1
8158,iiiii,i,0,0.0,175.78125,58.59375,292.96875,117.1875,True,,5R3,1.1056666,,0,-1
8159,iiaaa,?,2,0.4,2109.375,,703.125,,True,,5R3,1.11065,,0,-1
8169,iaaaiaaaa,?,2,0.2222222222222222,2343.75,,937.5,,True,FRUIT,9i,0.3866083,a,1,-1
8170,iaaaaaaa,?,1,0.125,1406.25,,200.89285714285714,,True,FRUIT,8i,0.3959322,a,1,-1
8171,iaaaaaaaa,?,1,0.1111111111111111,29.296875,,29.296875,,True,FRUIT,9i,0.4029986,a,1,-1
8172,aaaaaaaaaa,a,0,0.0,1770.8333333333333,,234.375,,True,FRUIT,10i,0.4446583,a,1,-1
8173,iaaaaaaaa,?,1,0.1111111111111111,175.78125,,87.890625,,True,FRUIT,9i,0.3566417,a,1,-1
8174,iaaaaaaaa,?,1,0.1111111111111111,1845.703125,,263.671875,,True,FRUIT,9i,0.3996667,a,1,-1
8175,aaaaaaaaaa,a,0,0.0,911.4583333333334,,130.20833333333334,,True,FRUIT,10i,0.4263812,a,1,-1
8176,aaaaaaa,a,0,0.0,703.125,,117.1875,,True,FRUIT,7i,0.3284,a,1,-1
8177,aaaa,a,0,0.0,156.25,,78.125,,True,FRUIT,4R2,0.9275084,a,1,-1
8178,aaaa,a,0,0.0,78.125,,78.125,,True,FRUIT,4R2,0.8904166,a,1,-1
8179,aaaa,a,0,0.0,234.375,,78.125,,True,FRUIT,4R2,0.8458417,a,1,-1
8180,aaaa,a,0,0.0,781.25,,390.625,,True,FRUIT,4R2,0.78475,a,1,-1
8181,aaaa,a,0,0.0,390.625,,234.375,,True,FRUIT,4R2,0.7779417,a,1,-1
8182,aaaa,a,0,0.0,156.25,,234.375,,True,FRUIT,4R2,0.7663,a,1,-1
8183,aaaa,a,0,0.0,78.125,,156.25,,True,FRUIT,4R2,0.783075,a,1,-1
8205,iiiii,i,0,0.0,2578.125,585.9375,644.53125,234.375,True,FRUIT,5R1,0.3151417,i,1,-1
8206,aaiii,?,2,0.4,703.125,,175.78125,,True,FRUIT,5R1,0.309175,i,1,-1
8207,aiiia,?,2,0.4,468.75,,937.5,,True,FRUIT,5R1,0.3208083,,1,-1
8208,aaaaa,a,0,0.0,585.9375,,292.96875,,True,FRUIT,5R1,0.3119667,a,1,-1
8209,aaaaa,a,0,0.0,703.125,,234.375,,True,FRUIT,5R1,0.3283,a,1,-1
8210,aaaaa,a,0,0.0,175.78125,,58.59375,,True,FRUIT,5R1,0.3396666,a,1,-1
8211,aaaaa,a,0,0.0,117.1875,,58.59375,,True,FRUIT,5R1,0.3246333,a,1,-1
8212,aaaa,a,0,0.0,390.625,,156.25,,True,FRUIT,4R2,1.4353083,a,1,-1
8213,aaaa,a,0,0.0,78.125,,78.125,,True,FRUIT,4R2,1.291125,a,0,-1
8214,aaaa,a,0,0.0,468.75,,156.25,,True,FRUIT,4R2,1.1979666,a,1,-1
8215,aaaa,a,0,0.0,312.5,,234.375,,True,FRUIT,4R2,1.3189334,a,1,-1
8232,aiai,?,2,0.5,1328.125,,2656.25,,True,FRUIT,4-NOISE,0.9692794,,0,-1
8233,iaaaa,?,1,0.2,1816.40625,,527.34375,,True,FRUIT,1+1+3,1.3695083,a,0,-1
8234,iiiaa,?,2,0.4,996.09375,,351.5625,,True,FRUIT,1+1+3,1.3552619,i,0,-1
8235,aiiii,?,1,0.2,1640.625,,585.9375,,True,FRUIT,1+1+3,1.3196939,i,0,-1
8236,aiiii,?,1,0.2,1816.40625,,468.75,,True,FRUIT,1+1+3,1.29595,,0,-1
8237,aaaaa,a,0,0.0,0.0,,0.0,,True,FRUIT,5-NOISE,0.7009417,a,0,-1
8238,aaaaaa,a,0,0.0,140.625,,46.875,,True,FRUIT,6-NOISE,0.934675,a,0,-1
8239,aaaa,a,0,0.0,78.125,,78.125,,True,FRUIT,4R2,1.137375,,0,-1
8240,aaaaa,a,0,0.0,234.375,,175.78125,,True,FRUIT,1+1+3,1.1109667,,0,-1
8241,iiiii,i,0,0.0,175.78125,644.53125,58.59375,175.78125,True,FRUIT,1+1+3,1.1351917,i,0,-1
8242,iiiii,i,0,0.0,117.1875,175.78125,175.78125,175.78125,True,FRUIT,1+1+3,1.1714,i,0,-1
8243,iaai,?,2,0.5,0.0,,0.0,,True,FRUIT,4R2,1.1274417,,0,-1
8244,iaiii,?,1,0.2,351.5625,,351.5625,,True,FRUIT,1+1+3,1.1556334,,0,-1
8245,aaii,?,2,0.5,234.375,,156.25,,True,FRUIT,4R2,1.125195,,0,-1
8246,iiia,?,1,0.25,546.875,,312.5,,True,FRUIT,4R2,1.1164636,,0,-1
8247,aiaa,?,1,0.25,156.25,,78.125,,True,FRUIT,4R2,1.1598084,,0,-1
8248,aiaa,?,1,0.25,312.5,,156.25,,True,FRUIT,4R2,1.1430333,,0,-1
8249,aiaaa,?,1,0.2,351.5625,,117.1875,,True,FRUIT,1+1+3,1.1213667,,0,-1
8262,aaaai,?,1,0.2,0.0,,0.0,,True,FRUIT,5R1,0.3248597,,0,-1
8263,aiiaa,?,2,0.4,0.0,,0.0,,True,FRUIT,5R1,0.288506,,0,-1
8264,iiaaa,?,2,0.4,175.78125,,58.59375,,True,FRUIT,5R1,0.3129689,,0,-1
8265,aaaaa,a,0,0.0,58.59375,,58.59375,,True,FRUIT,5R1,0.3191655,,0,-1
8266,iiiii,i,0,0.0,175.78125,703.125,58.59375,234.375,True,FRUIT,5R1,0.3273466,,0,-1
8274,aiiii,?,1,0.2,820.3125,,761.71875,,True,SOURSOP,5R3,1.3675153,,1,-1
8275,iiii,i,0,0.0,0.0,156.25,0.0,312.5,True,SOURSOP,4R2,1.0628417,,1,-1
8276,iiii,i,0,0.0,546.875,156.25,546.875,78.125,True,SOURSOP,4R2,1.0360334,,1,-1
8277,iiii,i,0,0.0,78.125,390.625,78.125,390.625,True,SOURSOP,4R2,0.9952309,,1,-1
8278,iiaa,?,2,0.5,156.25,,312.5,,True,SOURSOP,4R2,1.0461902,,1,-1
8279,aiii,?,1,0.25,2031.25,,2812.5,,True,SOURSOP,4R2,1.0249117,,1,-1
8280,iiii,i,0,0.0,78.125,625.0,78.125,312.5,True,SOURSOP,4R2,1.0348282,,1,-1
8281,iiiii,i,0,0.0,1289.0625,1171.875,937.5,1347.65625,True,SOURSOP,1+1+3,1.0387248,,1,-1
8282,iiiii,i,0,0.0,117.1875,644.53125,175.78125,410.15625,True,SOURSOP,1+1+3,1.1289154,,1,-1
8283,iiii,i,0,0.0,1093.75,2031.25,2187.5,1328.125,True,SOURSOP,4R2,1.0747273,,1,-1
8284,iaaa,?,1,0.25,468.75,,156.25,,True,SOURSOP,4R2,1.041175,,1,-1
8285,iiiia,?,1,0.2,996.09375,,351.5625,,True,SOURSOP,1+1+3,0.9650085,,1,-1
8286,iiiii,i,0,0.0,1406.25,2460.9375,1992.1875,2167.96875,True,SOURSOP,1+1+3,0.969575,,1,-1
8302,aaaii,?,2,0.4,351.5625,,468.75,,True,SOURSOP,1+1+3,0.8510334,,1,-1
8303,iaiaa,?,2,0.4,117.1875,,117.1875,,True,SOURSOP,1+1+3,0.8491584,,1,-1
8304,aiaaai,?,2,0.3333333333333333,468.75,,703.125,,True,SOURSOP,6-NOISE,1.089978,,1,-1
8305,aiiia,?,2,0.4,234.375,,58.59375,,True,SOURSOP,1+1+3,0.7759865,,1,-1
8306,iiiii,i,0,0.0,117.1875,1230.46875,234.375,1933.59375,True,SOURSOP,1+1+3,0.648575,,1,-1
8307,iiiii,i,0,0.0,0.0,937.5,0.0,937.5,True,SOURSOP,1+1+3,0.824675,,1,-1
8308,iiiii,i,0,0.0,117.1875,1054.6875,58.59375,410.15625,True,SOURSOP,1+1+3,0.78215,,1,-1
8309,aaiia,?,2,0.4,351.5625,,175.78125,,True,SOURSOP,1+1+3,0.8158686,,1,-1
8324,iiii,i,0,0.0,1875.0,1328.125,2890.625,2187.5,True,SOURSOP,4R2,1.196175,,1,-1
8325,iiii,i,0,0.0,1484.375,1875.0,1093.75,1250.0,True,SOURSOP,4R2,1.1933816,,1,-1
8326,iiai,?,1,0.25,2265.625,,1328.125,,True,SOURSOP,4R2,1.1655,,1,-1
8327,aaaaaaaa,a,0,0.0,435.26785714285717,,502.23214285714283,,True,SOURSOP,8i,0.3050584,a,1,-1
8328,aaaaai,?,1,0.16666666666666666,750.0,,656.25,,True,SOURSOP,6i,0.3541658,a,1,-1
8329,iaaaa,?,1,0.2,527.34375,,527.34375,,True,SOURSOP,5R1,0.2857117,a,1,-1
8330,aaaaaa,a,0,0.0,984.375,,328.125,,True,SOURSOP,6i,0.4098118,a,1,-1
8331,aiaaa,?,1,0.2,351.5625,,234.375,,True,SOURSOP,5R1,0.3363752,a,1,-1
8337,aaaaa,a,0,0.0,175.78125,,58.59375,,True,SOURSOP,5R1,0.2804667,a,1,-1
8338,aaaaa,a,0,0.0,0.0,,0.0,,True,SOURSOP,5R1,0.3092083,a,1,-1
8339,aaaaa,a,0,0.0,175.78125,,58.59375,,True,SOURSOP,5R1,0.355075,a,1,-1
8340,aaaaa,a,0,0.0,234.375,,175.78125,,True,SOURSOP,5R1,0.3218416,a,1,-1
8341,aaaaa,a,0,0.0,234.375,,58.59375,,True,SOURSOP,5R1,0.3042741,a,1,-1
8342,aaii,?,2,0.5,937.5,,1015.625,,True,SOPH,4-NOISE,0.6328417,,0,-1
8343,aaaaa,a,0,0.0,0.0,,0.0,,True,JOCASTA,1+1+3,1.4632083,a,1,-1
8344,aaaaa,a,0,0.0,0.0,,0.0,,True,JOCASTA,1+1+3,1.42855,a,1,-1
8345,aaaaa,a,0,0.0,58.59375,,58.59375,,True,JOCASTA,1+1+3,1.4810083,a,1,-1
8346,aaaaa,a,0,0.0,234.375,,58.59375,,True,JOCASTA,1+1+3,1.4154667,a,1,-1
8347,aaaaa,a,0,0.0,292.96875,,175.78125,,True,JOCASTA,1+1+3,1.441425,a,1,-1
8348,aaaaa,a,0,0.0,292.96875,,175.78125,,True,JOCASTA,1+1+3,1.427875,a,1,-1
8349,aaaaa,a,0,0.0,117.1875,,117.1875,,True,JOCASTA,1+1+3,1.3927667,a,1,-1
8350,aaaaa,a,0,0.0,58.59375,,58.59375,,True,JOCASTA,1+1+3,1.4139,a,1,-1
8351,aaaaa,a,0,0.0,351.5625,,468.75,,True,JOCASTA,1+1+3,1.383025,a,1,-1
8352,aaaai,?,1,0.2,996.09375,,468.75,,True,JOCASTA,1+1+3,1.3399529,a,1,-1
8353,aaaaa,a,0,0.0,234.375,,117.1875,,True,JOCASTA,1+1+3,1.3374889,a,1,-1
8354,aaaaa,a,0,0.0,117.1875,,117.1875,,True,JOCASTA,1+1+3,1.3695667,a,1,-1
8355,aaaaa,a,0,0.0,175.78125,,58.59375,,True,JOCASTA,1+1+3,1.3160387,a,1,-1
8371,aaaaa,a,0,0.0,644.53125,,351.5625,,True,JOCASTA,1+1+3,1.4754166,a,1,-1
8372,aaaaa,a,0,0.0,0.0,,0.0,,True,JOCASTA,1+1+3,1.4485595,a,1,-1
8373,aaaaa,a,0,0.0,175.78125,,175.78125,,True,JOCASTA,1+1+3,1.4612916,a,1,-1
8374,iaaiii,?,2,0.3333333333333333,703.125,,750.0,,True,JOCASTA,6-NOISE,1.6346084,a,1,-1
8375,aaaaa,a,0,0.0,292.96875,,117.1875,,True,JOCASTA,1+1+3,1.3602667,a,1,-1
8383,aaaaa,a,0,0.0,117.1875,,234.375,,True,JOCASTA,5R1,0.3345,a,1,-1
8384,aaaaa,a,0,0.0,175.78125,,117.1875,,True,JOCASTA,5R1,0.3138334,a,1,-1
8385,aaaaa,a,0,0.0,117.1875,,117.1875,,True,JOCASTA,5R1,0.3207666,a,1,-1
8386,aaaaa,a,0,0.0,234.375,,58.59375,,True,JOCASTA,5R1,0.324,a,1,-1
8387,aaaaa,a,0,0.0,0.0,,0.0,,True,JOCASTA,5R1,0.3419166,a,1,-1
8388,aaaaa,a,0,0.0,58.59375,,117.1875,,True,JOCASTA,5R1,0.3077167,a,1,-1
8389,aaaaa,a,0,0.0,58.59375,,117.1875,,True,JOCASTA,5R1,0.3280417,a,1,-1
8390,aaaaa,a,0,0.0,175.78125,,58.59375,,True,JOCASTA,1+1+3,1.5145833,a,1,-1
8391,aaaaa,a,0,0.0,234.375,,58.59375,,True,JOCASTA,1+1+3,1.471675,a,1,-1
8392,aaaaa,a,0,0.0,234.375,,58.59375,,True,JOCASTA,1+1+3,1.4236584,a,1,-1
8393,aaa,a,0,0.0,234.375,,117.1875,,True,LADYO,3D,0.298584,a,1,-1
8394,aaa,a,0,0.0,234.375,,117.1875,,True,LADYO,3D,0.303904,a,1,-1
8395,aaa,a,0,0.0,351.5625,,234.375,,True,LADYO,3D,0.304896,a,1,-1
8396,aaa,a,0,0.0,117.1875,,117.1875,,True,LADYO,3D,0.314048,a,1,-1
8397,aaa,a,0,0.0,0.0,,0.0,,True,LADYO,3D,0.31324,a,1,-1
8398,aaa,a,0,0.0,234.375,,117.1875,,True,LADYO,3D,0.335296,a,1,-1
8399,aaa,a,0,0.0,0.0,,0.0,,True,LADYO,3D,0.3308464,a,1,-1
8438,aaaaa,a,0,0.0,585.9375,,410.15625,,True,,1+1+3,1.4269584,,0,0
8439,aaaaa,a,0,0.0,234.375,,292.96875,,True,,1+1+3,1.4582898,,0,0
8440,aaaaa,a,0,0.0,175.78125,,117.1875,,True,,1+1+3,1.460525,,0,0
8441,aaaaa,a,0,0.0,234.375,,234.375,,True,,1+1+3,1.4442666,,0,0
8442,aaaii,?,2,0.4,1113.28125,,820.3125,,True,,1+1+3,1.4210916,,0,0
8443,aiaaa,?,1,0.2,1230.46875,,937.5,,True,,1+1+3,1.4145,,0,0
8444,iaaaa,?,1,0.2,2167.96875,,820.3125,,True,,1+1+3,1.4401,,0,0
8445,aaaaa,a,0,0.0,292.96875,,527.34375,,True,,1+1+3,1.5164972,,0,0
8446,aaaaa,a,0,0.0,175.78125,,234.375,,True,,1+1+3,1.4746834,,0,0
8447,aaaaa,a,0,0.0,234.375,,292.96875,,True,,1+1+3,1.429825,,0,0
8448,aaaaa,a,0,0.0,292.96875,,292.96875,,True,,1+1+3,1.4670916,,0,0
8449,aaaaa,a,0,0.0,292.96875,,175.78125,,True,,1+1+3,1.478325,,0,0
8450,aaa,a,0,0.0,585.9375,,820.3125,,True,,3R,0.1348554,,1,-1
8451,aaa,a,0,0.0,234.375,,117.1875,,True,,3R,0.1544416,,1,-1
8452,aaaaa,a,0,0.0,351.5625,,292.96875,,True,,1+1+3,1.15435,,1,-1
8453,aaaaa,a,0,0.0,820.3125,,234.375,,True,,1+1+3,1.1585583,,1,-1
8454,aaaaa,a,0,0.0,937.5,,351.5625,,True,,1+1+3,1.1502916,,1,-1
8471,iiiii,i,0,0.0,117.1875,175.78125,58.59375,175.78125,True,,1+1+3,1.4134417,,1,-1
8472,aaiii,?,2,0.4,410.15625,,175.78125,,True,,1+1+3,1.3902167,,1,-1
8473,iaiaa,?,2,0.4,585.9375,,410.15625,,True,,1+1+3,1.3678333,,1,-1
8474,aaaaa,a,0,0.0,175.78125,,117.1875,,True,,1+1+3,1.3825417,,1,-1
8475,aaaaa,a,0,0.0,175.78125,,117.1875,,True,,1+1+3,1.3475416,,1,-1
8476,aaaaaa,a,0,0.0,140.625,,187.5,,True,,6-NOISE,1.8232,,1,-1
8477,iaaaa,?,1,0.2,1171.875,,292.96875,,True,,1+1+3,1.398325,,0,0
8478,aiaii,?,2,0.4,351.5625,,703.125,,True,,1+1+3,1.3390833,,0,0
8479,aiaaa,?,1,0.2,234.375,,292.96875,,True,,5R2,0.5209667,,0,0
8480,iaaaa,?,1,0.2,117.1875,,234.375,,True,,5R2,0.5359333,,0,0
8481,iiiaa,?,2,0.4,117.1875,,175.78125,,True,,5R2,0.53725,,0,0
8482,iiiai,?,1,0.2,0.0,,0.0,,True,,5R2,0.51375,,0,0
8483,aaaaa,a,0,0.0,0.0,,0.0,,True,,5R2,0.5205666,,0,0
8504,aaaaa,a,0,0.0,644.53125,,234.375,,True,,1+1+3,1.5505599,,1,-1
8505,aaaaa,a,0,0.0,58.59375,,117.1875,,True,,1+1+3,1.5186266,,1,-1
8506,iiiai,?,1,0.2,410.15625,,351.5625,,True,,1+1+3,1.522225,,1,-1
8507,iiaii,?,1,0.2,937.5,,1289.0625,,True,,5-NOISE,1.5451583,,1,-1
8508,iiiaa,?,2,0.4,0.0,,0.0,,True,,1+1+3,1.4762833,,1,-1
8509,iiiii,i,0,0.0,58.59375,996.09375,58.59375,351.5625,True,,1+1+3,1.3440323,,1,-1
8510,aaaaa,a,0,0.0,0.0,,0.0,,True,,1+1+3,1.2848583,,1,-1
8511,aiaaa,?,1,0.2,1347.65625,,585.9375,,True,,1+1+3,1.3292917,,1,-1
8512,aaaaa,a,0,0.0,585.9375,,175.78125,,True,,1+1+3,1.3619083,,1,-1
8513,aaaaa,a,0,0.0,234.375,,58.59375,,True,,1+1+3,1.3205417,,1,-1
8514,aaaaa,a,0,0.0,117.1875,,117.1875,,True,,1+1+3,1.3449167,,1,-1
8515,iaaaa,?,1,0.2,234.375,,58.59375,,True,,1+1+3,1.3434416,,1,-1
8516,aaaaaaaa,a,0,0.0,1238.8392857142858,,234.375,,True,,8i,0.3719417,,1,-1
8517,aaaaa,a,0,0.0,0.0,,0.0,,True,,5R1,0.313575,,1,-1
8518,aaaaa,a,0,0.0,0.0,,0.0,,True,,5R1,0.3031084,,1,-1
8519,aaaaa,a,0,0.0,0.0,,0.0,,True,,5R1,0.314625,,1,-1
8520,aaaaa,a,0,0.0,585.9375,,234.375,,True,,5R1,0.327025,,1,-1
8521,aaaaa,a,0,0.0,351.5625,,175.78125,,True,,5R1,0.318675,,1,-1
8522,aaaaa,a,0,0.0,234.375,,234.375,,True,,5R1,0.32675,,1,-1
8523,aaaaa,a,0,0.0,175.78125,,58.59375,,True,,5R1,0.3271,,1,-1
8524,aaaaa,a,0,0.0,878.90625,,234.375,,True,,5R1,0.3335834,,1,-1
8525,aaaaa,a,0,0.0,410.15625,,117.1875,,True,,5R1,0.325975,,1,-1
8526,aaaaa,a,0,0.0,351.5625,,117.1875,,True,,5R1,0.334525,,1,-1
8527,aaaaa,a,0,0.0,175.78125,,58.59375,,True,,5R1,0.3226917,,1,-1
8528,aaaaa,a,0,0.0,820.3125,,292.96875,,True,,5R1,0.3413583,,1,-1
8529,aaaaa,a,0,0.0,58.59375,,117.1875,,True,,5R1,0.3201583,,1,-1
8530,aaaaa,a,0,0.0,117.1875,,175.78125,,True,,5R1,0.33375,,1,-1
8531,aiiaaaa,?,2,0.2857142857142857,1054.6875,,625.0,,True,,7i,0.457975,,1,-1
8532,aaaaaai,?,1,0.14285714285714285,1757.8125,,742.1875,,True,,7i,0.4560917,,1,-1
8533,aaaaa,a,0,0.0,175.78125,,58.59375,,True,TBB,1+1+3,1.42695,a,0,0
8534,aaaaa,a,0,0.0,351.5625,,175.78125,,True,TBB,1+1+3,1.458275,a,0,0
8535,aaaaa,a,0,0.0,117.1875,,117.1875,,True,TBB,1+1+3,1.4602833,a,0,0
8536,aaaaa,a,0,0.0,117.1875,,234.375,,True,TBB,1+1+3,1.4440084,a,0,0
8537,aaaaa,a,0,0.0,58.59375,,117.1875,,True,TBB,1+1+3,1.4210833,a,0,0
8538,aaaaa,a,0,0.0,937.5,,292.96875,,True,TBB,1+1+3,1.4142833,a,0,0
8539,aaaaa,a,0,0.0,292.96875,,117.1875,,True,TBB,1+1+3,1.4400333,a,0,0
8540,aaaaa,a,0,0.0,292.96875,,527.34375,,True,TBB,1+1+3,1.5162833,a,0,0
8541,aaaaa,a,0,0.0,234.375,,292.96875,,True,TBB,1+1+3,1.4745333,a,0,0
8542,aaaaa,a,0,0.0,234.375,,292.96875,,True,TBB,1+1+3,1.4296833,a,0,0
8543,aaaaa,a,0,0.0,351.5625,,468.75,,True,TBB,1+1+3,1.4669667,a,0,0
8544,aaaai,?,1,0.2,117.1875,,58.59375,,True,TBB,1+1+3,1.4782916,a,0,0
8545,iaaaa,?,1,0.2,4160.15625,,1054.6875,,True,TBB,1+1+3,1.0046542,a,0,0
8546,aaaaa,a,0,0.0,410.15625,,292.96875,,True,TBB,1+1+3,1.0186583,a,0,0
8547,aaaaa,a,0,0.0,410.15625,,175.78125,,True,TBB,1+1+3,1.0521334,a,0,0
8548,aaaaa,a,0,0.0,175.78125,,58.59375,,True,TBB,1+1+3,1.1337917,a,0,0
8549,aaaaa,a,0,0.0,117.1875,,117.1875,,True,TBB,1+1+3,1.1657334,a,0,0
8550,iiiii,i,0,0.0,117.1875,703.125,117.1875,292.96875,True,TBB,1+1+3,1.2225584,i,0,0
8551,iiiii,i,0,0.0,117.1875,351.5625,175.78125,117.1875,True,TBB,1+1+3,1.2048583,i,0,0
8552,aaaaa,a,0,0.0,292.96875,,175.78125,,True,TBB,1+1+3,1.2611584,a,0,0
8553,aaaaa,a,0,0.0,58.59375,,117.1875,,True,TBB,1+1+3,1.2670333,a,0,0
8554,aaaaa,a,0,0.0,117.1875,,175.78125,,True,TBB,1+1+3,1.2694334,a,0,0
8555,aaaaa,a,0,0.0,58.59375,,117.1875,,True,TBB,1+1+3,1.27,a,0,0
8556,aaaaa,a,0,0.0,234.375,,292.96875,,True,TBB,1+1+3,1.2989084,a,0,0
8557,iiaaa,?,2,0.4,175.78125,,117.1875,,True,TBB,1+1+3,1.2848666,i,0,0
8558,iiaii,?,1,0.2,175.78125,,58.59375,,True,TBB,1+1+3,1.2919667,i,0,0
8559,iiaaa,?,2,0.4,175.78125,,58.59375,,True,TBB,1+1+3,1.2766917,i,0,0
8560,iiiii,i,0,0.0,117.1875,58.59375,117.1875,117.1875,True,TBB,1+1+3,1.255275,i,0,0
8566,aaaaa,a,0,0.0,468.75,,351.5625,,True,TBB,1+1+3,1.4138333,a,0,0
8567,aaaaa,a,0,0.0,468.75,,117.1875,,True,TBB,1+1+3,1.3901084,a,0,0
8568,aaaaa,a,0,0.0,234.375,,175.78125,,True,TBB,1+1+3,1.3676917,a,0,0
8569,aaaaa,a,0,0.0,117.1875,,234.375,,True,TBB,1+1+3,1.3824583,a,0,0
8570,aaaaa,a,0,0.0,292.96875,,117.1875,,True,TBB,1+1+3,1.3474917,i,0,0
8571,iiiiai,?,1,0.16666666666666666,93.75,,140.625,,True,TBB,6-NOISE,1.8232916,i,0,0
8572,aaaaa,a,0,0.0,351.5625,,234.375,,True,TBB,1+1+3,1.3982334,a,0,0
8573,aaaaa,a,0,0.0,175.78125,,234.375,,True,TBB,1+1+3,1.33905,a,0,0
8574,aaaai,?,1,0.2,761.71875,,234.375,,True,TBB,1+1+3,0.7989781,,1,-1
8610,aaaaaaaa,a,0,0.0,904.0178571428571,,267.85714285714283,,True,TBB,8i,0.3718583,a,1,-1
8611,aaaaa,a,0,0.0,175.78125,,58.59375,,True,TBB,5R1,0.313525,a,1,-1
8612,aaaaa,a,0,0.0,292.96875,,175.78125,,True,TBB,5R1,0.3031083,a,1,-1
8613,aaaaa,a,0,0.0,175.78125,,58.59375,,True,TBB,5R1,0.3146417,a,1,-1
8614,aaaaa,a,0,0.0,410.15625,,117.1875,,True,TBB,5R1,0.3270083,a,1,-1
8615,aaaaa,a,0,0.0,410.15625,,175.78125,,True,TBB,5R1,0.31865,a,1,-1
8616,aaaaa,a,0,0.0,0.0,,0.0,,True,TBB,5R1,0.3267004,a,1,-1
8617,aaaaa,a,0,0.0,175.78125,,175.78125,,True,TBB,5R1,0.3270666,a,1,-1
8618,aaaaa,a,0,0.0,527.34375,,175.78125,,True,TBB,5R1,0.333575,a,1,-1
8619,aaaaa,a,0,0.0,58.59375,,117.1875,,True,TBB,5R1,0.32595,a,1,-1
8620,aaaaa,a,0,0.0,351.5625,,117.1875,,True,TBB,5R1,0.334525,a,1,-1
8621,aaaaa,a,0,0.0,234.375,,234.375,,True,TBB,5R1,0.3226583,a,1,-1
8622,aaaaa,a,0,0.0,703.125,,234.375,,True,TBB,5R1,0.3413417,a,1,-1
8623,aaaaa,a,0,0.0,0.0,,0.0,,True,TBB,5R1,0.32015,a,1,-1
8624,aaaaa,a,0,0.0,117.1875,,175.78125,,True,TBB,5R1,0.3335834,a,1,-1
8625,aiaaaaa,?,1,0.14285714285714285,1640.625,,1406.25,,True,TBB,7i,0.4581,a,1,-1
8626,aaaaaai,?,1,0.14285714285714285,1875.0,,898.4375,,True,TBB,7i,0.4559166,a,1,-1
8627,aaaaa,a,0,0.0,117.1875,,117.1875,,True,JOCASTA,5R1,0.3253667,a,-1,-1
8628,aaaaai,?,1,0.16666666666666666,609.375,,656.25,,True,JOCASTA,6i,0.4233177,a,-1,-1
8629,aaaaa,a,0,0.0,58.59375,,58.59375,,True,JOCASTA,5R1,0.3216083,a,-1,-1
8630,aaaaa,a,0,0.0,234.375,,58.59375,,True,JOCASTA,5R1,0.3085167,a,-1,-1
8631,aaaaa,a,0,0.0,117.1875,,58.59375,,True,JOCASTA,1+1+3,1.5589,i,-1,-1
8632,aaaaa,a,0,0.0,175.78125,,58.59375,,True,JOCASTA,1+1+3,1.6086333,i,-1,-1
8633,aaaaa,a,0,0.0,527.34375,,234.375,,True,JOCASTA,1+1+3,1.5950417,,-1,-1
8634,aaaaa,a,0,0.0,703.125,,234.375,,True,JOCASTA,1+1+3,1.5420916,,-1,-1
8635,aaaaa,a,0,0.0,117.1875,,117.1875,,True,JOCASTA,1+1+3,1.4976584,,-1,-1
8636,iiiii,i,0,0.0,0.0,234.375,0.0,234.375,True,JOCASTA,1+1+3,1.5481166,i,-1,-1
8637,aaaaa,a,0,0.0,58.59375,,58.59375,,True,JOCASTA,1+1+3,1.5432667,i,-1,-1
8638,iiiii,i,0,0.0,0.0,0.0,0.0,0.0,True,JOCASTA,1+1+3,1.5625084,i,-1,-1
8639,iiiia,?,1,0.2,585.9375,,585.9375,,True,JOCASTA,1+1+3,1.5919667,i,-1,-1
8640,iiaaa,?,2,0.4,1933.59375,,644.53125,,True,JOCASTA,1+1+3,1.557875,i,-1,-1
8641,iiiiiii,i,0,0.0,234.375,742.1875,39.0625,234.375,True,JOCASTA,7D2,1.5733833,i,-1,-1
8643,aaaaaa,a,0,0.0,328.125,,234.375,,True,JOCASTA,6i,0.2175083,a,-1,-1
8644,aaaaa,a,0,0.0,703.125,,175.78125,,True,JOCASTA,5R1,0.3131333,a,-1,-1
8645,iaaaa,?,1,0.2,117.1875,,175.78125,,True,JOCASTA,5R1,0.307825,a,-1,-1
8646,iaaaa,?,1,0.2,1699.21875,,703.125,,True,JOCASTA,5R1,0.3043583,a,-1,-1
8647,aaaaa,a,0,0.0,351.5625,,175.78125,,True,JOCASTA,5R1,0.3163417,a,-1,-1
8648,iaaaa,?,1,0.2,1289.0625,,351.5625,,True,JOCASTA,5R1,0.3181334,a,-1,-1
8649,iaaaa,?,1,0.2,1171.875,,292.96875,,True,JOCASTA,5R1,0.3285583,a,-1,-1
8650,aaaaa,a,0,0.0,234.375,,58.59375,,True,JOCASTA,5R1,0.3191416,a,-1,-1
8651,iaaaa,?,1,0.2,2929.6875,,820.3125,,True,JOCASTA,5R1,0.3088333,a,-1,-1
8652,aaaaa,a,0,0.0,292.96875,,175.78125,,True,JOCASTA,5R1,0.3263318,a,-1,-1
8653,aaaaa,a,0,0.0,234.375,,58.59375,,True,JOCASTA,5R1,0.3341,a,-1,-1
8654,aaaaa,a,0,0.0,351.5625,,117.1875,,True,JOCASTA,5R1,0.3260834,a,-1,-1
8667,aaaaa,a,0,0.0,644.53125,,292.96875,,True,JOCASTA,5R1,0.318275,a,-1,-1
8668,aaaaa,a,0,0.0,234.375,,58.59375,,True,JOCASTA,5R1,0.3137917,a,-1,-1
8669,aaaaa,a,0,0.0,175.78125,,58.59375,,True,JOCASTA,5R1,0.3328473,a,-1,-1
8670,aaaaa,a,0,0.0,58.59375,,117.1875,,True,JOCASTA,5R1,0.3218961,a,-1,-1
8837,aaaaaaaa,a,0,0.0,66.96428571428571,,33.482142857142854,,True,LAIUS,8R,1.237264,a,0,1
8838,aaaaaaaaaa,a,0,0.0,52.083333333333336,,52.083333333333336,,True,LAIUS,10R,1.46484,a,0,1
8839,aaaaaaaaa,a,0,0.0,175.78125,,117.1875,,True,LAIUS,9R,1.281504,a,0,1
8840,iiiii,i,0,0.0,0.0,351.5625,0.0,527.34375,True,LAIUS,1+1+3,0.866256,i,0,1
8841,iiiii,i,0,0.0,0.0,58.59375,0.0,117.1875,True,LAIUS,1+1+3,0.846168,i,0,1
8842,iiiii,i,0,0.0,468.75,292.96875,117.1875,175.78125,True,LAIUS,1+1+3,0.828728,i,0,1
8843,iiiii,i,0,0.0,117.1875,410.15625,117.1875,234.375,True,LAIUS,1+1+3,0.804368,i,0,1
8844,iiiii,i,0,0.0,58.59375,351.5625,117.1875,117.1875,True,LAIUS,1+1+3,0.812872,i,0,1
8845,iiiii,i,0,0.0,0.0,234.375,0.0,292.96875,True,LAIUS,1+1+3,0.833768,i,0,1
8846,iaiia,?,2,0.4,820.3125,,996.09375,,True,LAIUS,1+1+3,0.86144,,0,1
8854,aaaai,?,1,0.2,410.15625,,468.75,,True,LAIUS,1+1+3,0.787584,a,0,1
8855,aaaaa,a,0,0.0,234.375,,58.59375,,True,LAIUS,1+1+3,0.796768,a,0,1
8856,iaaaa,?,1,0.2,234.375,,58.59375,,True,LAIUS,1+1+3,0.779904,a,0,1
8857,iaaai,?,2,0.4,1171.875,,761.71875,,True,LAIUS,1+1+3,0.726176,a,0,1
8858,iiaaa,?,2,0.4,468.75,,820.3125,,True,LAIUS,1+1+3,0.718432,a,0,1
8859,iaaaa,?,1,0.2,0.0,,0.0,,True,LAIUS,1+1+3,0.719168,a,0,1
8860,aaaaa,a,0,0.0,58.59375,,117.1875,,True,LAIUS,1+1+3,0.738152,a,0,1
